review_text,rating,date,review_length
জামার সাথে ওরনার কোনো মিল নাই । ওরনাটা ছেরা দিয়েছে। কালার এর মিল নেই । দারাজ এইসব প্রডাক্ট সেল করা উচিত নয়।  ,5,14 Sep 2025,111
আলহামদুলিল্লাহ যেমন চেয়েছি ঠিক তেমনি পেয়েছি🥰🥰,5,07 Jul 2024,45
অসংখ্য ধন্যবাদ যেভাবে লিখেছেন ঠিক তেমনটা দেয়ার জন্য। সত্যিই মন থেকে দোয়া রইলো কথা কাজে মিল রেখেছেন বলে। কাপড় এবং ডেলিভারি দুটোই সন্তোষজনক ,5,14 Mar 2024,138
product ta khub vlo chilo asha kori vlo hobe ar seller vaiyar bebohar o jothesto vlo 1st daraz theke kapor nilam voye cilam but ja chaici tai paici thanks daraz 😃 😊 ,5,06 Jun 2024,165
জামা সেলোয়ার ওড়না সব সুতি কাপড় ৫৬০ টাকা হিসেবে অনেক ভালো সবাই নিতে পারেন ধন্যবাদ দারাজ ও সেলার কে 😎😎😎😎😎😎😎,5,10 Feb 2024,108
"পণ্য অনেক ভালো আপনারা নিতে পারেন নিঃসন্দেহে
কিন্তু সেলারের বিকাশ ছিলনা তাই একটু সমস্যায় পড়ছিলাম
প্রতিটা সেলার এর কাছে বিকাশ ,নগর ,রকেট একাউন্ট থাকলে ভালো হয়",5,03 Feb 2024,159
"Alhamdulillah  Products  khuboi vlo chilo 
 And Delivery  Service  tao vlo chilo ",5,13 Jan 2024,81
Alhamdulillah onek Valo porce thank you daraz🌺,4,12 Feb 2024,46
"ak kothay★★ osadharon ★★
daraz theke ai prothom bar ato tratari percale peyechi.......
review  option akdin por  pelam tai deri holo.....
thank you laam boutiques ke......& daraz keo....",5,17 Oct 2023,186
"Alhamdullia product ta khub vlo,,kapor ta Amar posundo hoise  ",5,14 Aug 2024,62
আলহামদুলিল্লাহ জামাটা বেশ সুন্দর..কাপড়ের কোয়ালিটি খুবই ভালো...১০০% কটন...খুব দ্রুত  ডেলিভারি পেয়েছি..ধন্যবাদ সেলার  এবং দারাজ কে...,5,16 Sep 2023,134
৩৭০ টাকায় নিয়েছি। দাম হিসেবে কাপড় একদম পারফেক্ট। বাজার থেকে নিলে হয়ত আরো দাম বেশি পড়তো। দারাজ থাকাতে কমে পেলাম৷ ধন্যবাদ জানাচ্ছি দারাজ এবং সেলার উভয়কেই,5,14 Sep 2023,152
"onek sundor,,😍😍
mashaallah😍 ",5,18 Aug 2024,28
ধন্যবাদ আপনাদেরকে। এর আগেও এমন একটা নিয়েছিলাম। দুই বারই সন্তুষ্ট হয়েছি। আশাকরি অনলাইন জগতে বিশ্বাস এবং আস্থার মর্যাদা অক্ষুণ্ণ রাখবেন  ,5,11 Oct 2025,135
"আলহামদুলিল্লাহ্ মোটামুটি ভালই কাপড়টা। সুতি বললেও কাপড়টা পুরোপুরি সুতির কাপড় মনে হয় নাই। কিন্তু খারাপ না। সবাই নিতে পারেন। দারাজ টিমকে ধন্যবাদ।

#অন্ধকারে ছবি তোলার কারণে একটু স্পষ্ট কম হয়ছে। ",5,04 Sep 2024,191
"Display er moto jinish pawa dekhtesi dream hoye daracche😅But According to price mene nitei hoy..

N.B: Dress colour edited👇 ",5,13 Jan 2025,124
alhamdulillah dress ta valoi... 🥰thanks for daraz,5,03 Jun 2024,49
"আমি দুইটা নিয়েছি। ছবিতে যেরকম ছিল, সেরকমেই পেয়েছি। প্রোডাক্ট ভালই। ",5,03 Oct 2024,69
দাম অনুযায়ী খারাপ না তবে ছবিতে যত আকর্ষণীয় দেখায় বাস্তবে এতটা না। ,5,29 May 2025,66
যেমনটা চেয়েছি তেমনটাই বেঁচে আলহামদুলিল্লাহ খুব সুন্দর প্রোডাক্ট ,5,04 Feb 2025,65
"অনেক সুন্দর হয়েছে কিন্তুু পরিসকার পরে বুঝলাম একদম ফালতু কাপুর
 ",5,05 Nov 2024,64
ওড়নাটা পাতলা কিন্তু জামার কাপড়টা ভালো 🥰আপনারা নিকে পারেন ,5,17 Aug 2025,57
দাম অনুযায়ী ঠিকই আছে কিন্তু ওড়নার কাপড়টা খুবই পাতলা ,5,28 Nov 2024,52
jamon dice tamon paice valo ata kom ar modda  ,5,18 Sep 2025,46
"দাম অনুযায়ী মোটামুটি ভালই 
 নিতে পারেন 👍 ",5,28 Jul 2025,42
"এই প্রথম অরডার করেছিলাম, অনেক চিন্তায় ছিলাম, সাইজ আর কাপরের কোয়ালিটি নিয়ে, কিন্তু সবই একদম পারফেক্ট। এটা অন্নেক কিউট 🥺,যেমন চেয়েছিলাম একদম ঠিক তেমনি☺️, দাম অনুযায়ী একটু বেশিই সুন্দর ☺️, আমি খুবই সন্তুষ্ট,  ধন্যবাদ আপনাদের,আমাকে এমন পন্য দেওয়ার জন্য 😌",5,08 Mar 2024,250
chailam XL dilen M . apnake bebsa sikhaiche k Vai? naki lekhapora paren na? r Jodi sob jainai kaj ta koira thaken taile AI haram business kore sofol hoite parben kintu mainser dowa paiben na. ### Product er quality Valo but saler ER oggotar Jonno ai product not recommended ###,5,01 Mar 2024,277
"dress guli khub pochondo hoyeche. jemon cheyechilam thik temon peyechi,,, Thanks daraz🥰",4,14 Mar 2024,87
"অনেক ভালো একটি T shirt পেলাম 🥰🥰😍
কিন্তু এটা সাদা ছাড়া অন্য কোনো কালারের থাকলে ভালো।।👎🏻",4,26 Mar 2024,86
"it is worth it's price..onk vlo..dkhe onk vlo lglo.. totally satisfied... delivery o vlo chilo..khub vlo legeche.. dhonnobad daraz ar seller k..daraz onk improve kreche..I'm proud of this online service... after all thank you so much for good service
",5,10 Feb 2024,251
Alhamdulillah product onek valo😊,5,18 Mar 2024,32
"Just wow😍
Ai t shirt ta kub sundor,,kom dame valo t shirt,, apnara chaile nite paren,,Thanks daraz and tnx seller🥰🥰 ",5,12 Sep 2024,116
"etar quality ta besh Bhalo. poreo aram ase. everything is good but,, Ami first time order disi to tai ki size order dibo bujhte pari nai Then Ami ""XL"" size order diye felsi ei Jonno eta ektu beshi long Hoye gese😅🌚 
maybe ""L"" Size ta perfect hoto 🐸 ",5,30 Jul 2025,248
"Thanks vaiya🥰sundor🥰🖤apnara chaile nite paren🖤🥰

bt ami order korsi drop sol dar 🥰
ar amke dise,3 kotar hata😡🥺🥰😅 ",5,03 Jul 2025,113
"sundor cilo apnara chale purchase Korte paren Tobe jursy fabric na hoye suti hole aro Beshi valo hoto. tnxp
 ",5,14 Nov 2025,109
"Not for somebody who is looking for an oversized T shirt, this one is pretty fitted even in xl size and not.at all suitable for pear shaped body girlies, shirt is cute but fabric is jersey that's why Its not so comfortable. ",5,19 Jun 2025,224
এই টিশার্টটা অনেক ভালো   আমার খুব বেশি পছন্দ হয়েছে কিন্তু যদি কালো রং হতো  তাহলে অনেক বেশি সুন্দর হতো কিন্তু সাদা  টা ও অনেক ভালো ❤️❤️ 10/9 ,5,26 Aug 2025,141
"T shirt ta onk valo silo,,jmn ta dekhano hoyese thik temon tai,,but hata ta jodi arektu lose hoto valo hoito,,echara shob e valo chilo apnara chaile nite paren. ",5,25 Jul 2025,161
"Cobir sathe bastobotar kono mil nai,Hata dekhte jmn real product ake bare baje.Taropor kapor kharap.Tader page thekey nicher product niyecilam,colour dicilam dui rokomer dice ak rokomi,abar cobite product ar hata r body cilo dui rokomer real product sada kore diye rakhce kono design nai.Faaltu product r fraud ",5,22 Jul 2025,311
wow 😲 onek shundor akti product apnara chaile chokh buje nite paren☺️,5,20 Jan 2024,69
"কিছুই বলার নেই,,,, 
অসাধারণ 👀🤍
দাম অনুযায়ী একটু বেসিই ভালো 🤍",5,27 Jan 2024,60
অনেক ভালো কোয়ালিটি এবং সেলাই অনেক ভালো সেলার কে অনেক অনেক ধন্যবাদ জানাই সবাই নিতে পারেন দারাজ কেও ধন্যবাদ ,5,01 Dec 2023,107
আলহামদুলিল্লাহ 💝 ভালো প্রোডাক্ট ই পাইছি 🤍 ধন্যবাদ দারাজ 🌸,5,12 Feb 2024,57
vai it's not so good picture e quality valo lagleo asole gercy er kapor mane asolei faltu ,5,15 Jul 2025,90
product ok but sleeve not okay becaz picture sleeve style not same  as real sleeve style ,5,16 Nov 2024,89
"অনেক ভালো পন্য, চাইলে নিতে পারেন। এক দম ছবির মত দেখতে। বিক্রেতাকে ধন্যবাদ। ありがとうございます。 ",5,14 Sep 2024,87
"টি শার্ট টার কাপড় টা অনেক ভালো,,,,, পছন্দ ও হয়েছে 💖 আপনারাও নিতে পারেন ☺️ চাইলে  ",5,05 Oct 2024,83
comfortable and good product.Delivery was also very quick.Recommending for later. ,5,2 weeks ago,82
Delivery was so quick and product quality was good. just shown on picture.  ,5,22 Nov 2024,76
"Product is good. 
Exactly the same, but the fabric is jersey genji. ",4,30 Jul 2025,68
"একদম বাজে কাপর যেমন দেখছি তেমন পাইনেই। আমার 570 টাকা পানিতে গেল।কেউ নিয়েন না আপুরা।
 ",5,07 Jan 2025,85
প্রোডাকের সাথে মিল নাই সব জায়গায় ছেড়া। এখান থেকে কেউ আর কোনদিন অর্ডার করবেন না।  ,5,26 Oct 2024,84
এ প্রোডাক্টটা ভালো পড়েন চাইছিলাম গোলাপী পাইছি অন্য কালার  ,5,12 Mar 2025,59
কাপড়টা আর ওদের ভালো দিলে হতো না ,5,19 Nov 2025,33
"অর্ডার দিয়েছিলাম এক ধরনের,,, আর এসেছে সম্পূর্ণই আলাদা,,, মোটামুটি চলে,,, কিন্তু জামা গুলো মানের দিক থেকে অনেকটা কম  ",5,25 Oct 2024,117
2 ta order disilam.. ekta ta thik pathaya arekta low quality er jinish dhoray dise...  keu kinle ekta order diben.. tau same product paben naki sure na ,1,18 Sep 2025,152
achcha color nahin tha design bhi purana tha Jo main ne dar kiya tha vah nahin tha😭😭😭😭😭😭💔😭😭😭😭😭😭 ,1,17 Mar 2025,96
প্রোডাক্ট ভালো হয় নাই তারপরে মেল ডেলিভারি করার আগে একদিন আগে কল দেয়নি সেজন্য আমি হয়রানি হয়েছি ,5,21 Oct 2025,98
kaporer man ottanto ninmomaner r kajer kotha nai ba bollam khub baje ,5,10 Aug 2025,69
"আকদম বাজে কাপুর কেউ কিনেন না। অডার দিসি এক রকম আর পাইশি আর এক রকম।
 ",5,18 Mar 2025,68
যেমন দেখাইছে তেমন দেয়নি খুব বাজে একটা কাপড় কেউ নিবেন না ,5,27 Dec 2025,58
যেরকম দেখেছিলাম সেরকমই খুব ভালো কম দামের মধ্যে ভালো  ,5,30 Nov 2025,53
একদম ফালতু একটা প্রোডাক্ট।মাঝখানে ছেড়া ছিলো😭 ,5,25 Jun 2025,45
অর্ডার করছিলাম একটা দিছে অন্যটা 👎👎 ,1,27 Oct 2024,35
hdusueuejjejejejeieiriiriririro ,5,02 Jan 2025,32
খুবই বাজে কাপড় কেউ নিবেন না  ,5,16 Nov 2024,30
Not as same as pictures  ,5,16 Jan 2026,25
মাল ভালো না রিটার্ন দেবো ,5,19 Nov 2024,25
Different designs sent. ,5,16 Jan 2026,24
"তেমন টা ভালো হয় নাই,  ",5,2 weeks ago,22
দাম অনুযায়ী চলে ,4,1 week ago,17
onek valo chilo  ,5,31 Oct 2024,17
মোটামুটি ভালোই  ,5,27 Sep 2024,16
not good ,5,07 Apr 2025,9
"Best quality product and very nice and sharp 🪒 
Thank you so much Daraz and the seller  ",5,03 Feb 2025,88
"মাশাল্লাহ অনেক সুন্দর কিউট একটা প্রোডাক্ট, দাম অনুযায়ী আলহামদুলিল্লাহ অনেক ভালো। সাবধানে ব্যবহার করলে অনেক দিন যাবে ইনশাআল্লাহ। মটর এর স্পিডে অনেক জোর, নিমিষেই সব গুড়া হয়ে যায়। আপনারা সবাই নিশ্চিন্তে ক্রয় করতে পারেন। ডেলিভারি ম্যান এর ব্যবহার অসম্ভব ভালো। আমি যতবার দারাজ থেকে পন্য কিনেছি কখনো ঠকিনি। থ্যাংক ইউ দারাজ অ্যান্ড ডেলিভারি ম্যান।  ",5,12 Aug 2024,342
অসাধারণ একটা জিনিস আমি একটা নেওয়ার পর আর দুই জনে  নিছে এইদুইটা। এখন আরো দুই জনে নিবে সবার পছন্দ জিনিস। order করবো আবার দুইটা  ,5,16 Aug 2024,126
"আলহামদুলিল্লাহ, অনেক সুন্দর এবং খুবই ভালো গুড়া হচ্ছে।  ",5,28 May 2025,55
আলহামদুলিল্লাহ ভালো আজকে পটাইলাম ৷ ,5,22 Sep 2025,35
Khub valo Ekta product. ,5,12 Aug 2024,24
খুবই সুন্দর কাজ করে আলহামদুলিল্লাহ  ,5,02 Aug 2024,36
Good quality.  ,4,09 Jun 2024,15
"khobi vlo product, sobai nite paren,Alhamdulillah khobi vlo,dalivary vaiya behaviour o khob vlo chilo🥰 ",5,01 Feb 2025,103
"আলহামদুলিল্লাহ প্রোডাক্ট টা খুব ভালো অল্প দামে ভালো জিনিস পাইসি,,, ধন্যবাদ সেল ম্যান কে, এমন প্রোডাক্ট আমার আরো লাগবে সময় মতো সেল দিবেন  ",5,07 Jan 2025,137
"- আলহামদুলিল্লাহ দাম অনুযায়ী প্রোডাক্ট খুবই ভালো। 
আপনারা চোখ বন্ধ করে নিতে পারেন ❤️
ধন্যবাদ সেলারকে ও ধন্যবাদ দারাজ...! ",5,14 Jun 2025,122
এক একটা সুন্দর ছিল খুব কম সময়ে পেয়েছি বাট উপরে ঢাকনাটা একটু সমস্যা এছাড়া সব ঠিক আছে সেলার কে ধন্যবাদ খুব তাড়াতাড়ি ডেলিভারি দেওয়ার জন্য ,5,06 Jan 2026,141
ভালো না স্পিড বেশি কিন্তু জিনিস ভালো গুড়া হয় না। অনেকক্ষণ ব্লেন্ড করার পরেও জিয়া গুড়া হচ্ছে না। ভিতরে জায়গা একদম কম। আর ওটার নিচে রাবার না থাকার কারণে ওটা যে জায়গায় রেখেই ব্লেন্ড করা হয় ওখানে ব্লেন্ডার মেশিন সহ ঘুরতে থেকে ঘুরতে থাকে। ,5,02 Jan 2026,242
"আমি অর্ডার করেছি ৮৯৯ টাকা দামের, কিন্তু সত্যি আমাকে দিছে ৭০৬ টাকা দামের এটা।এটার ছবি আমি নিচে আপলোড করেছি। ",5,21 Jan 2026,107
"আমার কাছে ভালই লেগেছে, এখন কেমন টেকসই দেয় সেটাই বড় কথা, এক বছর লাস্টিং দিলেই আমার কিনার সার্থকতা😊
আপনারা নিতে পারেন, আমার কাছে ভালো লেগেছে বাকিটা লাস্টিং কেমন দেয় এর উপর। ধন্যবাদ সেলার কে, দুইদিন ব্যবহার করার পর রিভিউ দিলাম। 




 ",5,12 Mar 2025,234
দেখে মনে হচ্ছে ভালো হবে ব্যবহার করার পর বুঝা যাবে ভালো না খারাপ। ভেবেছিলাম বড় এটা কিন্তু না ছোট সাইজ। ,5,18 May 2025,103
আলহামদুলিল্লাহ মুটামুটি ভালো কিন্তু জিনিস অনুযায়ী দামটা অনেক বেশি হয়েছে এইগুলো পাওয়ার অনেক কম আর একটু বেশি পাওয়ার হতো অনেক ভালো হতো আমারটার দাম পরছে 834 টাকা কিন্তু জিনিস তেমন ভালো না জানি না কই দিন টিকবে🙂😶😏 ,5,15 Nov 2024,208
জিনিসটা যেটা চাইছি সেরকমই হইছে কিন্তু অল্পতেই গরম হয়ে যায় গরম হয়ে অফ হয়ে যায় চালু হয় না দশ মিনিট পরে ঠাণ্ডা হইলে পরে চালু হয় এটার কারণ কি গরম হয় বেশি ,5,19 May 2025,158
"প্রথমবার কেনা আমি নিরাশ 
প্যাকেজিং ভালো না,  ঢাকনার অর্ধেক ভেঙে গেছে,  মোটামুটি চলে,  
আরো ভালো কিছু আশা করছিলাম  ",5,13 Sep 2025,114
আলহামদুলিল্লাহ। এই টাকার মধ্যে খুব ভালো একটা প্রোডাক্ট পাইছি। সেলারকে অনেক অনেক ধন্যবাদ এইরকম ভালো একটি প্রোডাক্ট দেয়ার জন্য। ,5,29 Sep 2025,126
"মাশাল্লাহ অনেক সুন্দর কিউট একটা প্রোডাক্ট, দাম অনুযায়ী আলহামদুলিল্লাহ অনেক ভালো। সাবধানে ব্যবহার করলে অনেক দিন যাবে ইনশাআল্লাহ। মটর এর স্পিডে অনেক জোর, নিমিষেই সব গুড়া হয়ে যায়। আপনারা সবাই নিশ্চিন্তে ক্রয় করতে পারেন। ডেলিভারি ম্যান এর ব্যবহার অসম্ভব ভালো। আমি যতবার দারাজ থেকে পন্য কিনেছি কখনো ঠকিনি। থ্যাংক ইউ দারাজ অ্যান্ড ডেলিভারি ম্যান। ",5,24 Jun 2025,341
প্রোডাক্টটা অনেক ভালো ছিল কিন্তু প্রোডাক্টটা যেরকম দেখা গেছে তারচেয়ে অনেক ছোট মোটামুটি আড়াইশো গ্রামের উপরে কাজ করা যাবে তবে আধা কেজি যাবে না ,5,04 Jun 2025,143
Grinder ta sotti e oshadharon khub sundor finishing dey 😍😍 amder nutun shongshar er jonno perfect ta jinis sudu aktu problem holo je onek beshi sound kore ta chara all okay 👍😊🥀 ,5,06 Oct 2025,177
হাই নাইচ  ব্যালেন্ডার দারাজ কে অসংখ্য ধন্যবাদ সুন্দর একটা প্রোডাক্ট দেওয়ার জন্য হ্যালো এভরিওয়ান এই প্রোডাক্টটির দাম হিসেবে খুবই ভালো সবাই নিয়ে ব্যবহার করতে পারেন ,5,22 Nov 2025,165
"ভালই কাজ করে, কোন কিছু দিলে একটু পানি দিতে হয় না হইলে কাজ করতে চায় না স্পিড অনেক, ✅✅

❌❌কিন্তু একটু চালাইলে অতিরিক্ত গরমে যায় এবং ধোয়া বাড়ায়  ",5,27 Jun 2025,148
প্রোডাক্টটা অনেক ভালো ছিল যা চেয়েছিলাম তাই পেয়েছি ,5,21 Aug 2024,52
খুব একটা ভালো বলা যায় না কাপড়ের কোয়ালিটি খুবই খারাপ ,5,08 Sep 2024,55
২ টা কালার তো এক না অর্ডার দিয়ে ছ এক কালার পাইছি আরেকটা 🤕 ,5,13 Aug 2024,58
এগুলো ভালো না। একদম জার্সি কাপড় খারাপ  ,5,24 Aug 2024,40
কালার চেয়েচি কি আর দিচে কি  ,5,07 Sep 2024,28
"আমি এই গেঞ্জিটা অর্ডার দিয়েছি আমার কাছে একদমই ভালো লাগে নাই 👿যে গেঞ্জি অর্ডার দিয়েছে সে গেঞ্জি পাইনি 😈 আমি দারাজ থেকে এটা আশা করি নাই যে আমাকে এরকম একটা নরমাল গেঞ্জি দিবে,,,,",3,11 May 2024,176
একদম বাজে কাপড় রঙ ফ্যাকাসে তাই নয় যে সাইজ অর্ডার করেছি তাও পাইনি। কেউ নিবেন না নিলে পরতে পারবেন না।।  ,5,19 Dec 2024,102
"I was really looking forward to receiving my order, but I'm a bit let down. The sizing seems to be quite off, which is unfortunate. What was advertised as an XXL fits more like a L in my usual size. It's a shame because the item itself is nice. I hope this feedback is helpful for others and for the seller. ",5,29 Oct 2024,308
অল্প সময়ে ডেলিভারি পেয়েছি। কিন্তু কাপড়ের কোয়ালিটি এত  একটা ভালো না। কিন্তু এই দামে ঠিক আছে। কাপড়টি  ঠিক আছে ভালই।আপনারা চাইলে নিতে পারেন। ❤️ ,4,20 Sep 2024,146
দাম হিসেবে ঠিক আছে তবে ছিরা গেন্জি 😓কাপর টা ভালো গমের ভিতরে পাতলা কাপরের গেন্জি চাইলে আপনারা নিতে পারেন ,5,28 May 2025,104
একটু স্পোর্ট ছিল তবে বেশী না আমি দুইটা নিয়েছি মোটামুটি ভালো আপনারাও চাইলে নিতে পারেন দাম অনুযায়ী অল ওভার ঠিকই আছে ☺️☺️☺️ ফেলার রেঞ্জ স্পন্স অনেক ভালো ডেলিভারির তারিখের আগেই পেয়েছি ,5,08 Oct 2024,183
দাম অনুযায়ী আমি মনে করি মোটামুটি ভালো তবে অনেক ভালো বলা যাবে না । 91 টাকা এর চেয়ে আর ভালো কি হতে পারে ,5,01 Dec 2024,104
"জার্সি কাপড়ের মত। একটু খসখসে নরমাল কাপড়। তবে দাম হিসাবে খারাপ না। মার্কেটে গিয়ে কিনলে এই দামে এরকমই পাওয়া যাবে। 
বাসায় পরা বা জ্যাকেট/হুডির নিচে পড়ার জন্য ঠিক আছে। 
 ",4,04 Dec 2024,172
"গরমে পড়ার জন্য ভালো। অনেক পাতলা কাপড়, ৮০ টাকা হিসেবে ভালো। সাদা কালার টা কেউ নিবেন না দয়া করে, অন্য কালার নিতে পারেন। ",4,07 Mar 2025,121
গেঞ্জির মান খুবই খারাপ। কাপড় ভালো না। গায়ে দিলে গা ব্যাপক চুলকায়। গেঞ্জি অর্ডার দিয়েছি এক কালারের আর এসেছে অন্য আরেক কালারের। সাদা কালারের অর্ডার দেয়ার পরে কমলা কালার দিয়েছে এটা খুবই খারাপ মানের কাজ। পরবর্তীতে আপনারা যারা অর্ডার দেবেন তারা খুব ভালো করে দেখে শুনে অর্ডার দিয়েন আমার রিকমেন্ড হচ্ছে আর কেউ অর্ডার দিয়েন না।  ,5,29 May 2025,329
"দারাজের এমন ব্যবহার আশা করিনি 
ছেলেরা রা  অবশ্যই আন্তরিক ছিল না 
আমি ৭ টা অর্ডার করেছিলাম সাত কালারের 
কিন্তু সবগুলোই সাদা কালারের দিছে 
এখন আমার করনীয় কি জানতে চাই 
আমাকে কি সাতটা কালার দিতে পারবে রিটার্ন দিবো কিভাবে। 
 ",5,26 May 2025,222
আলহামদুলিল্লাহ প্রডাক্ট টা অনেক সুন্দর দাম অনুসারে প্রোডাক্ট একদম পারফেক্ট আপনারা সবাই চোখ বন্ধ করে কিনতে পারেন কোনো সমস্যা নেই ধন্যবাদ দারাজ  ,5,28 Sep 2024,143
"জার্সি কাপড়ের মত। একটু খসখসে নরমাল কাপড়। তবে দাম হিসাবে খারাপ না। মার্কেটে গিয়ে কিনলে এই দামে এরকমই পাওয়া যাবে। 
বাসায় পরা বা জ্যাকেট/হুডির নিচে পড়ার জন্য ঠিক আছে। ",4,04 Dec 2024,170
"অনেক সুন্দর একটা প্রোডাক্ট। আপনারা চাইলে নিতে পারেন, আমার পছন্দ হয়েছে। যেমনটা চেয়েছি তার চেয়ে ভালোই পেয়েছি। ",5,12 Mar 2025,112
আমি টোটাল চারটি টি-শার্ট অর্ডার করেছিলাম দুইটি আলাদা এবং এটি শার্ট দুইটি কিন্তু আমাকে দুইটি দেওয়া হয়েছে এবং দুটি দেয়নি আমি এর জন্য রিফান্ড করেছিলাম কিন্তু তারা রিজেক্ট করে দিয়েছে😅 ,5,27 Oct 2025,184
"জার্সি কাপড়ের মত। একটু খসখসে নরমাল কাপড়। তবে দাম হিসাবে খারাপ না। মার্কেটে গিয়ে কিনলে এই দামে এরকমই পাওয়া যাবে। 
বাসায় পরা বা জ্যাকেট/হুডির নিচে পড়ার জন্য ঠিক আছে। 
 ",5,04 Dec 2024,172
"quality good
smooth
soft
light
very relax to wear during summar.
you should buy it without any worries.

color issue with the ash one.. doesn't look same ",5,15 Oct 2025,154
"this t-shirt is very good and comfortable 
I got very fast service that's really value for money product  ",5,12 Apr 2025,106
দারাজের টি-শার্টগুলো অনেক ভাল ছিল আমি হাতে পেয়ে অনেক খুশি হয়েছি এগুলো দেখতে খুবই সুন্দর এবং পড়তে খুবই আনন্দায়ক এই গরমে যদি থাকতে চান ভালো মিনিং একটি না দুটি না তিনটি তিনটি টি শার্ট ❤️❤️😇😇 ,5,10 May 2025,192
"praduct ta valo ace 
dam unojayi j ato valo akta products pabo asa kori ni kokono 
aby nite paren ami onk gula nici 🥰
ar dalivary man......mne amader arman vai

...onk vlo.... amader sate valo bebohar kore 
tnx you ☺️☺️ ",5,12 Oct 2025,220
"দাম অনুযায়ী ওনেক ভালো
আমি তিনটা ওর্ডার করেছি ☺️
ভালো আছে 
আর ডেলিভারি মেন ত আরো ভালো 
আমাদের সবার সাথে ভালো ব্যাবহার করে 
tnx you...... arman vai...... ☺️ ",5,07 Oct 2025,155
"যেমন টা চাইছি তেমন পাই কাপড় খুব ভালো এবং স্পট 
সেলার ভাই ও খুব ভালো ছিলো 
আপনাও নিতে পারেন  ",5,15 Aug 2025,92
"প্রোডাক্টটা অনেক অনেক ভালো আমার মনে মতো হয়েছে 
ডেলেভারি মেন ও ভালো ধন্যবাদ দারাজ ",5,15 May 2025,82
"আলহামদুলিল্লাহ 4 পিছ অর্ডার করছিলাম, সব ঠিক ঠাক আছে,  ধন্যবাদ সেলার কে🥰 ",5,05 Jan 2026,72
দাম হিসেবে মোটামুটি ভালো আপনারা নিতে পারেন ,5,08 Sep 2025,43
অনেক সুন্দর হয়ছে খুব ভালো  আমি অনেক খুশি ,5,19 May 2025,42
৩টি কালার দিছিলাম bat  সব এক কালার দিছে ,5,30 Nov 2025,40
"খুব সুন্দর লাগছে ,,,,,,,,,,,,,,,,, ",5,19 Mar 2025,35
মনে হয় আরেকটু বড় হলে ভালো হতো ,5,05 Sep 2025,32
দাম অনুযায়ী ঠিক আছে সবকিছু  ,5,08 Oct 2025,28
ভালো লাগে 😎😎 ,5,17 Dec 2025,13
gd products  ,5,12 Oct 2025,13
very nice ,5,05 Oct 2025,10
"দাম অনুযায়ী ঠিক ছে 
কিন্তু  আরো ভালো হতে পারতো 
 ",3,2 weeks ago,49
Vai aita niye ar kiccu bolar nai 89 tk hisebe product ti thik tobe dhakar baire kew oder diye aita niben na karon 89+150 ato tk hoile aitar thekeo vlo T-Shirt paben 🙂 ,5,01 Sep 2025,167
অনেক ভালো প্রোডাক্ট যে রকম টা চাইছিলাম তার চেয়ে ও অনেক ভালো আর ডেলিভারি ম্যান ও অনেক ভালো ছিল  ,5,3 hours ago,95
"Thanks for daraz 
ganjeta onk sundor...
kapor o valo and patla.
gorom kalar best gange ata. ",5,14 Oct 2025,92
কেউ অডার দিবেন না পালতো প্রডাক্ট। অডার দিছি একটা দিছে আরেক টা ,5,22 Nov 2025,62
খুব ভালো একটা পডাক আর আরো ভালো ডেলিবারিমেনের ব্যবহার  ,5,20 Nov 2025,54
"দেখাই একরকম দেয় একরকম তার সাথে আইটেম একটা কম দিছে 
 ",5,4 weeks ago,53
দুইটা গেঞ্জি ভালো ছিল কিন্তু একটার সাইজ ঠিক ছিল না  ,5,23 Nov 2025,52
অনেক সুন্দর একটা গেনজি যা গরমের জন্য অনেক আরাম দায়ক ,5,28 Sep 2025,52
দারাজের সার্ভিস অনেক ভালো। ভালো মানের কাপড় দেয় ,5,25 Aug 2025,47
এটা অনেক ভালো দেখতে কিন্তু ডিজাইনটা ভালো হতো  ,5,14 Oct 2025,46
ছবি থেকে একটু ডিফারেন্ট। কিন্তু দাম অনুযায়ী ঠিক আছে। আমার চাচীর পছন্দ হয়েছে। সাথে লাইলিন কাপড় দিয়েছে।,4,15 May 2024,104
"মুটামুটি ভালো কিন্তু কাপড় কিছুটা পাতলা, আপনারা নিতে পারেন ",5,22 Mar 2025,58
khub baje 3 pic kew niben na,5,12 Mar 2024,28
ভালো কিন্তু ওড়না টা তেমন ভালো না  ,5,26 Aug 2024,35
আমার বউয়ের সব দেখা যায়  পাতলা কাপড় ,5,13 May 2024,38
"
prodact  ta Kub valo chilo.Thanks daraz online ke ",5,15 Mar 2025,51
ভাই এটা কি কালার দিছেন কেমন বিজনেস করে বুঝিনা  ,1,19 Mar 2025,47
পন্য টা খুব ভালো  ,5,16 Mar 2025,18
"অনেক ভালো লাগলো
 ",5,08 Mar 2025,17
three pice kisuta diferent cilo kintu Valo  ,5,16 Jul 2024,44
বাজে কোয়ালিটি ,5,24 May 2025,15
nice  ,5,10 Mar 2025,6
"ভালো 
 ",5,11 Mar 2025,7
very bad ,5,05 Apr 2025,9
very bad  ,5,10 Oct 2024,10
good  ,5,12 May 2025,6
onek bajje products kew kinben nah🤬🤬😡😡👎👎,1,02 May 2024,40
দাম হিসেবে গেঞ্জিটা অনেক ভালো ধন্যবাদ দার আজকে ডেলিভারি ম্যান ভাইয়ের ব্যবহারটা অনেক ভালো ছিলাম আপনারাও নিতে পারেন আশা করি ঠকবেন না ধন্যবাদ দারাজ ভালো একটি পণ্য দেওয়ার জন্য,5,20 May 2024,173
আলহামদুলিল্লাহ অনেক সুন্দর টি-শার্ট  অল্প দামে পরে মজা আছে গরমের জন্য বেস্ট সেলার ভাইকে ধন্যবাদ 🥰,5,10 Feb 2024,97
"অনেক সুন্দর হয়েছে. দারাজের কিছু মাল কিনে ঠুকছি
",5,03 Apr 2024,48
হামদুলিল্লাহ খুব ভালো হইছে যে ডিজাইন দিছি সেটাই পাইছি,5,19 Mar 2024,53
মোটামুটি ভালো আপনারা ও নিতেপারেন,5,28 Mar 2024,32
আলহামদুলিল্লাহ দাম হিসেবে গেঞ্জির কোয়ালিটি খুবি ভালো। ডেলিভারি ও দ্রুত পেয়েছি।গেঞ্জিগুলো পেয়ে আমি সন্তুষ্ট। ধন্যবাদ দারাজ এবং সেলারকে  ,5,22 Aug 2024,135
alhamdulillah je rokom ceyesi sei rokom paisi,5,05 Mar 2024,45
অনেক সুন্দর হয়েছে ,5,14 Mar 2024,18
২ টা অডার করছিলাম।খারাপ না তবে ১ টাতে লেবেল ছিলনা আর একটাতে ছিলো।তবে নিতে পারেন ভালো। ,4,12 Jul 2024,86
"মুটামুটি চলে। ভাবছিলাম কটন কাপড় হবে কিন্তু জার্সি কাপড়।   যাইহোক, আমার মুটামুটি ভালোই লেগেছে 👍🏻",4,07 May 2024,95
 মাশাআল্লাহ অনেক ভালো বাট চাই লাম কি কালার আর পাইলাম আরেক কালাল যাই হোক টি সার্ট টা অনেক ভালো ইস্কিন কেউ চাই লে নিতে পারেন অনেক ভালো  ,5,25 Dec 2025,134
"গেঞ্জিটা যেমন দেখানো হয়েছে ঠিক তেমন না গেঞ্জিটা সাদা কেউ নিবেন না প্রোডাক্টটি বেশি একটা ভালো না  গেঞ্জি
টা খুবই পাতলা  ",5,01 Oct 2025,120
"𝘛𝘢𝘣𝘢𝘴𝘴𝘶𝘮 𝘍𝘢𝘴𝘩𝘪𝘰𝘯 𝘓𝘛𝘋 কে অসংখ্য ধন্যাবাদ সুন্দর প্রডাক্ট দেওয়ার জন্য 🥰🥰
দাম অনুযায়ী আলহামদুলিল্লাহ ভালো জিনিস দিয়েছেন  ",5,30 Dec 2025,118
"T-shirt is quite good. I ordered the M size and the tree's photo of that wasn't full. It's an average one.  Recommend if you order just for wearing in indoor and not recommend if you wear outdoor. Shipping service was very good. The packaging was also verryyy muchh good.
 ",5,22 Jul 2025,273
"capor chise ak color ar desy Arak color, ar kamor ar quality Valo kinto , kopory moila lal color ar dag voira asa  ",5,16 Jul 2025,115
ভালোই পাইছি কিন্তু আমি ভুল করে দুইটা  অর্ডার করছিলাম সেগুলো রিটার্ন নিতে চাই পরে জোর করে রিটার্ন দিয়ে দি  ,5,26 Dec 2024,107
"গেঞ্জি গুলা খুবি ভালো, আমি ভাবছিলাম কটন কাপর কিন্তু এটা জারসি কাপর গরমে খুব খারাপ লাগে শিত কালের জন্য ঠিক আছে।কম দামে ভালই নিতে পারেন। ",5,23 Aug 2025,135
একদমই ভালো না একবারে বাজে কোয়ালিটি  দিছে  মানে ভ্যানের মধ্যে আছে সেগুলো টাইপের কোয়ালিটি অনেক খারাপ 😔লেখা ছিল ৬৬ টাকা ক্যাশ অন ডেলিভারি দিছে তাই আমার থেকে ১৬৬ টাকা নিয়েছে এটা দারাজের কোন নিয়মের  মধ্যে পড়ে কেউ নেবেন না একদমই বাজে কোয়ালিটি দেখাইছে cotton কাপড় দিছে মশারী কাপর কোয়ালিটি  বাজে কেউ নেবেন না daraz theke ay last order🙏scam✅ ,5,25 Nov 2025,340
ঠিক যেমন চেয়েছিলাম ঠিক তেমনি আছে সবাই নিতে পারেন ,5,27 Jun 2024,50
আলহামদুলিল্লাহ খুব ভালো প্রোডাক্ট যে রকম চেয়েছি ঠিক তেমনি পেয়েছি 🌸🥰 সবাই নিতে পারেন..  ,5,26 Jul 2025,89
"ekdom baje, kew niben nh, khub baje kapor,niye thokben,kapor er selai toh nai bollei chole ",5,12 Aug 2025,91
এটার কাপড় সুন্দর ছিল ভালো ছিল এবং ঢিলা ঢালী কমফোর্ট মনে হয়। আপনারা চাইলে নিতে পারেন। 🙄 ,5,13 Aug 2025,89
"ধন্যবাদ  দারাজকে এবং ডেলিভারি ম্যানকে  দ্রুতো ডেলিভাারি দেয়ার জন্য। সেলারকেও ধন্যবাদ ভালো পন্য দেয়ার জন্য। কিন্তু আমি ব্লাক এবং আকাশী কালার অর্ডার করেছিলাম হয়তো ভূলবসতো আমাকে নেভিব্লু আর ব্লাক দিয়েছে আশা করি ভবিষ্যতে এমন ভুল আর হবেনা। তবে দাম অনুযায়ী মাশাআল্লাহ পন্যের মান ঠিক আছে আপনারা চাইলে নিতে পারেন। 
 ",5,21 Aug 2024,308
 ৪টা অর্ডার করেছি ১টা ছেড়া দিয়েছে।  বাদ বাকি কোয়ালিটি ভালো। গরমে খুব আরাম হবে আশা করি। ,4,15 Aug 2025,87
"অর্ডার করলাম ব্ল্যাক ক্র্যাশ কালার টা 
 আর ডেলিভারি ম্যান এসে দিয়ে গেল সাদা
বাজে লোক ",5,09 Sep 2025,86
সেলার খুবই ভালো চারটা দেওয়ার কথা ছিল কিন্তু আমাকে  ছয় পিস  দিছে। ধন্যবাদ 🥰🥰,5,06 Mar 2024,77
"Bhai Shera quality apnara shobai nite paren worth for money 
",5,25 Jun 2024,61
"good product🥰🥰🥰🥰🥰🥰🥰🥰🥰🥰🥰🥰🥰🥰🥰🥰🥰🥰🥰🥰,🥰🥰🥰🥰🥰🥰🥰🥰🥰🥰🥰🥰🥰😞😞😞😞😞😞😞😞😞😞😞😞 ",5,30 Apr 2025,59
"৪ টা দেওয়ার কথা পেয়েছি ২ টা!🤬🤬 সর্বমোট ডেলিভারি চার্জ সহ ১৮৬ টাকা! অতচ আমাদের এদিকে এগুলো ২ টার দাম ৪০ টাকা!
এমন গু*মা*রা খেতে চাইলে সবাই অর্ডার করুন 🤬🤬
বাপটপারি করলি আমার সাথে এর জবাব একদিন তোকে দিতে হবে মনে রাখিস 🫵🏻🤬🤬 ",5,21 Jul 2025,220
যেরকম ভেবেছিলাম সেরকম না। সাধারণত দোকানে যে রকম পাওয়া যায় তেমনি শুধু বেশি টাকা দিয়ে অর্ডার করা হলো জাস্ট লোগোটাই জাস্ট আছে এর থেকে বেশি কিছু না।  ,5,17 Oct 2025,149
চেয়েছিলাম ১০ জোরা পেয়োছি ১৪ জোরা পন্যটি খুবই ভালো চাইলে আপনারাও অডার করতে পারেন ফিংগারটা ওনেক ইসমুথ গেম খেলে খুবই মজা পেলাম ,5,03 Dec 2025,124
"চার পিসের দুইটা অর্ডার করেছিলাম। ৮ টা হয়ার কথা,পেলাম ৬ টা। ২ টা কম। ইনবক্সে বলছিলাম একটু বেশী করে দিতে,সেলার মনে হয় রাগ করে যেটা আমার প্রাপ্য সেটাই দেয় নাই। খারাপ অভিজ্ঞতা!আনবক্সিং ভিডিও দিয়েছি। ",1,21 Nov 2024,195
ফিঙ্গার স্লিপগুলো নরমাল যে ফিগারগুলো আছে ওইগুলোর মত এমনকি এটা লোগো থাকেনা উঠে যায়।  ২০ টাকার গুলোর মতো এটা শুধু দামটা একটু বেশি।   ,5,4 weeks ago,132
পণ্যটি ভালো সবাই নিতে পারেন অনেক দ্রুত পণ্যটি হাতে পেয়েছি ডেলিভারি ম্যান এর ব্যবহার টাও অনেক ভালো  ,5,09 Mar 2025,100
vai egola bazare 20taka dia pawa jai but adike 34taka kono logo nai packet oo valo na ,5,26 Oct 2024,86
খুব ভালো একটি জিনিস আপনারা সবাই নিতে পারেন ২ পিস অর্ডার করেছিলাম চার পিস পেয়েছি।  ,5,06 Jul 2025,83
পোডাক্টি খুব ভালো আমার কাছে অনেক ভালো লাগছে আপনারও চাইলে নিতে পারেন ধন্যবাদ ,5,11 Jul 2025,76
"thank you Bhai! it's very good quality , everyone can buy if they want ",5,26 Dec 2025,71
দেখলাম একটা পাইছি আরেক এদের মতো কিছু seller এর জন্য দারাজ এর দুর্নাম  ,5,27 Oct 2024,70
খুবি ভালো যেমন চেয়েছিলাম আর ডেলিভারি বয়ের ব্যবহার ও ভালো ,5,08 Nov 2025,57
Good material ,3,24 Jun 2024,14
"alhamdulillah product ti onik Bhalo only headshot lage
 ",5,03 Jun 2025,56
৬০ টাকা হিসেবে দাম কম শান্ত ক্লাবসের কোয়ালিটি একদম লো ,5,16 Dec 2025,55
this eh if CNN in no NC sec no NC sf ok c can be ,5,01 Jan 2026,49
Good quality but doesn't work on every mobile ,5,21 Oct 2025,46
প্রোডাক্টটি অনেক ভালো এবং কম দামও পাওয়া যাবে ,5,08 Jan 2026,46
very very nice and good product. very nice.  ,5,26 Dec 2025,45
প্রোডাক্ট ভালো তবে ডেলিভারি চার্জ টা বেশি।  ,5,18 Mar 2025,44
সবগুলা অনেক ভালো পেয়েছি নিতে পারো সবাই  ,5,15 Oct 2025,41
অনেক সুন্দর একটা Finger Sleeve পেয়েছি  ,5,25 Oct 2025,40
thank you seller for the fast delivery! ,5,6 days ago,40
ভালো আছে মুটামুটি এখন দেখি কয় দিন টিকে ,5,1 day ago,39
এই finger sleep ভালো অবস্থায় পেয়েছি  ,5,05 Jul 2025,39
onek valo. shobai chaile nite paren ,4,09 Oct 2024,36
good product 👍👍👍👍 ,5,18 Dec 2024,18
good products  ,5,30 Jun 2025,15
It is so good  ,5,10 Feb 2025,15
valo chilo👍 ,5,16 Jun 2025,12
"Price:48 tk(inc delivery charges)
Review: Quality ase motamoti khub ahamori na . price onushare mene neya jay ark but dekhte shundor ase. 2 pair . Pick point theke nisi but khuje paite aktu cos2 hoisilo. after all ok
Recommended! ",3,28 Sep 2024,230
অর্ডার দিয়েছিলাম একটা পাইছি দুইটা 🥰,5,26 Jun 2024,36
"dam hisebe valo 
 ",5,28 Jul 2024,18
"কাপোড় টা একটু নরমাল বাট ভালো আছে
সবাই নিতে পারেন ",2,30 Apr 2024,49
This is a good product. You can cut vegetables by wearing this product on your fingers. Then there will be no harm to your fingers. so l really like this product ,5,05 Jan 2026,162
"এই অর্ডারটি আমি বাতিল করে দিয়েছি ,আমি এটি আমার হাতে পাইনি তাই কোন ফটো দিতে পারিনি। ধন্যবাদ রিভিউটি দেখার জন্য। ",5,31 Dec 2025,112
ফিঙ্গার টি অনেক ভালো মানের। সবাই অর্ডার করতে পারেন। অনেক স্লিম। ডেলিভারি ম্যান এর ব্যবহার অনেক ভালো ছিল। ,5,28 Jun 2025,105
"Good but sometimes loses screen response touch.  
Also the price is a bit too high. should have been lower. ",4,25 Dec 2024,108
"I really appreciate the extra pieces you included, seller – that was so thoughtful! They're fantastic and truly work as described. I can now easily use my mobile device without removing my gloves, simply by wearing them on the thumb and index finger. A big thanks to the seller. ",5,16 Jun 2025,279
"তেমন  ভালো না 😟
দাম অনুযায়ি প্রডাক মোটামুটি  💔 কেউ নিবেন না এটা বললে কোন কাজ করে না মোবাইল ফোনে গেমিং এর জন্য একদম বাজে  ",5,30 Sep 2025,121
"সেইরকম     আপনারা অর্ডার করতে পারেন কিন্তু দামটা একটু বেশি ডেলিভারি ম্যান এর ব্যবহার খুবই ভালো 
 ",5,08 Jul 2025,97
ami 50 pieces er ta order koresi full payment kore...amake 28 piece dea holo keno??,5,13 Jan 2026,83
 এটা অনেক ভালো এবং কার্যকরী আপনারা এটি নিতে পারেন। খুবই ভালো পন্ন আলহামদুলিল্লা ,5,25 Dec 2025,80
"আমার এই টা অনেক পছন্দ হয়েছে আর আমি জা অর্ডার করেছি তা আমি পায়েসে ফ thank you 
 ",5,12 May 2025,80
very useful. Easily can play with this finger slip,5,26 Apr 2024,50
supposed to provide 4 pcs but offered 6. Glad to have this type of seller. ,5,08 Oct 2025,75
"আলহামদুলিল্লাহ এটা অনেক ভাল
খুব হেডসট লাগে
কেউ চাইলে এটা নিতে পারেন ",5,19 Jun 2025,68
দাম অনুযায়ী ভালো কিন্তু ভাড়া বেশি এর চেয়ে  দোকান থেকে নেওয়া ভালো ,5,23 Aug 2025,65
"Very fast delivery, quality is average but serves the purpose  ",5,12 Nov 2024,63
প্রোডাক্টটা ভালো আছে মোটামুটি আর সবাই প্রোডাক্টটা নিতে পারেন  ,4,05 May 2025,62
Good quality but a little bit too tight but I don't mind 🙂 ,5,05 Nov 2024,59
"good im imprace i like prodak daraz is Bast thanku 

Daraz
 ",5,22 Dec 2025,60
ধন্যবাদ সেলার কে এতো সুন্দর ভাবে আমার কাছে দেওয়ার জন্য  ,5,10 Oct 2025,57
"alhamdulillah , but quality aro vhalo expect korchilam  ",5,17 Sep 2025,56
its good,5,13 May 2024,8
price hisabe valo i loved it!! you can buy ,5,27 Dec 2024,43
It's so nice and cool . I like it .  ,5,06 Jan 2026,37
Very good quality product 👍 👍 👍 ,5,09 Dec 2024,32
good 👍 you can use good quality  ,5,22 Feb 2025,33
খুবেই বাজে কোয়ালিটি সম্পুর্ন 😬 ,1,30 Dec 2024,32
good decent amount enjoyable   ,5,14 Jan 2026,31
"its a nice and good service 
 ",5,06 Sep 2025,30
দাম বেশি পড়ছে আইছো অনেক লেটে কিন্তু মাল ভালো  ,5,16 Aug 2024,47
✅ Good products 🔰 go ahead  ,5,20 Jul 2025,28
Good product.Not fake.👍👍👍 ,5,09 Apr 2025,26
to good product just wow  ,5,02 Aug 2025,26
যেরকম দেখাইছে ওরকম পাইছি  ,5,05 Oct 2025,26
Not good quality so bad  ,1,16 Jun 2025,25
I Try It.Good Quality  ,5,03 Aug 2025,23
vlo kintu besi vlo na ,5,15 Nov 2025,22
not so good okay okay ,5,13 Dec 2025,22
touch work properly ,5,30 Nov 2025,20
qualiti is so good  ,5,26 Jan 2025,20
"That’s amazing!!!
 ",5,02 Dec 2025,19
"good 
thanks daraz ",5,25 Oct 2025,19
দামে কম মানে ভালো ,5,19 Nov 2024,18
thank you so much ,5,05 Dec 2025,18
good not for bad ,5,16 Feb 2025,17
ডিজাইন প্রব্লেম ,5,03 Oct 2024,16
Quality is good ,5,20 Nov 2024,16
good quality.  ,5,3 weeks ago,15
nice valo cilo ,4,15 Dec 2024,15
valo chilo... ,5,07 Oct 2024,14
good quality  ,5,08 Sep 2025,14
nice product  ,5,09 Jan 2025,14
one word BEST ,5,22 Dec 2024,14
it's good 💯 ,5,29 Sep 2024,12
akdom falto  ,5,17 Nov 2025,13
low quality ,5,18 Mar 2025,12
Satisfied  ,5,3 days ago,11
😵‍💫😵‍💫 ,5,02 Mar 2025,7
nice ,5,30 May 2025,5
nice ,5,16 Feb 2025,5
onk bhalo ,5,07 Sep 2024,10
Awful ,5,21 Oct 2025,6
ok ,5,06 Oct 2024,3
good ,5,10 Mar 2025,5
আলহামদুলিল্লাহ ঘড়িটি অনেক সুন্দর এই দামে ঘড়িটি দেয়ার জন্য সেলারকে ধন্যবাদ আমি ১৮৩ টাকা দিয়ে কিনেছি আপানারা চাইলে কিনতে পারেন। ,5,18 Nov 2025,126
অসাধারন একটি ঘড়ি আপনারা চাইলে কিনথে পারেন আমি ১১ ১১ কেম্পইন থেকে ১৯০ টাকায় কিনেছি। ধন্যবাদ সেলারকে আপনারা চাইলে কিনতে পারেন। ,5,18 Nov 2025,125
"যেমনটা দেখেছি  ঠিক তেমনটাই পেয়েছি 
দারাজ সেলারকে  অনেক অনেক ধন্যবাদ  ",5,06 Dec 2025,70
"দুইটা ঘড়ি অর্ডার করছিলাম একটা নষ্ট চলে না এটা রিটার্ন করে দেবো
 ",5,06 Sep 2025,65
"“পণ্যটি সত্যিই দারুণ! কোয়ালিটি চমৎকার, পারফরম্যান্স ভালো, আর দামে পুরোপুরি সার্থক। ব্যবহার করে খুবই সন্তুষ্ট।” ",5,05 Dec 2025,112
"কম বাজেটের মধ্যে অনেক সুন্দর একটি ঘড়ি, যেমনটা দেখিয়েছে ঠিক তেমনটাই দিয়েছে, নিঃসন্দেহে এটা সুন্দর একটা প্রোডাক্ট, আপনারা চাইলে নিতে পারেন, ধন্যবাদ ছেলের কে।  ",5,17 Sep 2025,160
Really good for the price. It's just the strap is too rigid and doesn't bend in to fit on the wrist. ,4,19 Nov 2024,101
" অনেক ভালো .. Anyone can buy it ..
তবে হচ্ছে ফিতা টা একটু পাতলা মনে হচ্ছে.. তবে সব মিলিয়ে এই প্রাইস রেঞ্জ এ একদম পারফেক্ট .. দেখার বিষয় হচ্ছে পারফরমেনস দিবে কত দিন.. Thank you Daraz  ",5,02 Oct 2024,185
"thanq daraz ghorita sothik time debar jonno selar vi ta o onek valo thakq selai vi ke 
price onojai prodack ti omek valo
chile nite paren ",5,1 week ago,138
"average, it can easily be realise, the fack product, a replica one. Considering the price not satisfactory. ",4,25 Nov 2024,108
দাম হিসেবে প্যাকেজিং টা ভাল ছিল প্রথমবার প্যাকেজিং বাজে ছিল একটা সমস্যা যে  ব্যাটারি নষ্ট দাম হিসেবে ঘড়ি  ভালো আছে  ,5,14 Nov 2025,117
আলহামদুলিল্লাহ। দাম অনুযায়ী ঘড়িটা ভালো আছে। তবে বেলটা একটু শক্ত। কেউ চাইলে নিতে পারেন। খুব দ্রুত ডেলিভারি দেওয়ার জন্য ধন্যবাদ দারাজ কে ,5,04 Feb 2025,138
অল্প সময়ের জন্য নিলে মোটামুটি চলে। এমনি মোটামুটি ভালই। অল্প কিছুদিন ব্যবহার করতে না করতেই বেল্টের শিলাই ছুটে যাচ্ছে এবং ঘড়িটা আকারের ছোট ছবিতে বেশ বড় দেখা গিয়েছিল তবে সাইজে একটু ছোটই কিন্তু মোটামুটি চলে অল্প সময়ের ব্যবহারের জন্য আপনারা নিতে পারেন যদি টাকা বেশি থাকে 😆 ,5,09 Nov 2025,273
khubi valo ghorita. ek kothay oshadharon anara chayle nite paren dam onujaiye ekdom...supper perfect. ami kokhono asha kori nai erokom valo condition a ghori pabo... ,5,14 Sep 2025,166
"""I recently purchased a watch, and while the delivery service was excellent and the delivery person was friendly, I was quite disappointed with the product quality. The belt is hard and feels cheaply made, and the watch came with scratches on the backside. To add to that, I received the wrong color. Overall, I don't recommend this watch.

The funny part is that when I placed the order, the delivery charge was 80tk, but now it's 60tk. I gave this product 5 stars just so the review appears at the top and helps others avoid getting scammed. Thank you."" ",5,12 Oct 2024,556
অনেক সুন্দর ঘড়িটা। আমার ছেলে তার বাবাকে বাবা দিবসে গিফট করবে বলে পছন্দ করেছিলো। হাতে পেয়েও ভালো লেগেছে। ধন্যবাদ। ,5,13 Jun 2025,113
"আলহামদুলিল্লাহ অনেক ভালো,, আর সিলার ভাইকে অনেক ধন্যবাদ,, কম সময়ে, ভালো ভাবে পণ্যটি হাতে পাওয়া জন্য.. 🥰 ",5,1 week ago,103
"ei price e er teke valo watch amr mothe are kono ta hobe na, school office jayor jonno ekta valo watch ",5,16 Sep 2025,103
আলহামদুলিল্লাহ যেইটা চাইছি ঠিক সেইটাই পাইছি ধন্যবাদ দারাজ কে এতো কম প্রাইজে এতো সুন্দর একটা ঘড়ি দেওয়ার জন্য।  কোয়ালিটিটা অনেক ভালো এক কথা বলতে গেলে অসাধারণ 🤩🤩। আর ডেলিভারিত ভাইয়ের ব্যাবহার খুবই ভালো ছিলো🖤💝 ,5,17 Nov 2025,206
"No this product I didn’t found as a good product . In the pictures the watch was shown more nice , but in reality it’s not so much nice as we think like that  ",5,10 Dec 2025,159
ঘড়িটি খুব ভালো চাইলে আপনারা নিতে পারেন। ২৭০ টাকা হিসেবে ভালো। আপনারা হয়তো গাড়িটি নিয়ে টাইম চেঞ্জ করতে সমস্যায় পড়তে পারেন। সময়  পাল্টানোর জন্য ঘোরানো ওটি। একবার টানলে তারিখ পরিবর্তন করতে পারবেন। তারপর আবার টানলে সময় পরিবর্তন করতে পারবেন। ,5,17 Apr 2025,245
Very Good As Well As I Throught But One Problem I can Not make it More Tighter cause i always wear watch in tight but still overallgood and fits well but kinda loos  ,5,02 Jul 2025,166
মাশা-আল্লাহ খুব সুন্দর হয়েছে। ধন্যবাদ দারাজ ও সেলার ভাই কে এতো সুন্দর ঘড়িটি দেওয়ার জন্য। আলহামদুলিল্লাহ। ,5,18 Sep 2025,105
অনেক সুন্দর হয়েছে যেমন চাইছি ঠিক তেমনি আছে তোমরা নিলে নিতে পারো ভালো মানের একটি ঘড়ি কোয়ালিটি টা ও খুব ভালো  ,5,27 Sep 2025,111
এবার অনেক খুশি হলাম অল্প দামে খুব ভালো প্রোডাক্ট আই লাইক ইট। ধন্যবাদ সেলার কে। অনেকদিন ব্যবহার করে রিভিউ দিলাম।✴️✴️✴️✴️✴️ ,5,05 Apr 2025,122
"ভালো, এই দামে মোটামোটি ভালোই, প্যাকেজিং ও ভালো ছিলো। ",5,15 Jan 2025,53
Looking For WoW WoW ,5,13 Dec 2024,20
"প্রথমত ধন্যবাদ ডেলিভারি ম্যানকে,, তার ব্যবহার খুব ভালো ছিলো,, দ্বিতীয়ত পোডাক্টের প্যাকেজিং খুব ভালো ছিলো।  পোডাক্টা দেখতে খুবই ভালো লাগছে,,, বাকিটা ব্যবহার করলে বুজা যাবে। ",5,09 Feb 2025,172
"নতুন অবস্হাতেই চার্জ এতো তাড়াতাড়ি ফুরিয়ে যাচ্ছে, কানে লাগিয়ে জাস্ট ২টা গানের বেশী শোনা যায়নি। 
এক কথায় বলা যায় প্রোডাক্ট খারাপ। না কেনার জন্যেই পরামর্শ রইলো সবাইকে। ",1,26 Feb 2025,165
"টেনশনে ছিলাম কেমন হয় না হয়, 
কিন্তু হাতে পেয়ে দুইদিন ব্যবহার করে বুঝলাম সবকিছু ঠিকঠাক। 
এই প্রাইযে এটা বেস্ট, দুই দিনের মধ্যেই ডেলিভারি দিয়েছে ধন্যবাদ স্যালার কে।  ",5,16 Nov 2024,168
"সাউন্ড কোয়ালিটি আলহামদুলিল্লাহ মোটামুটি ভালো ১০০% HD কোয়ালিটি চাইলে আপনারও নিতে পারেন।,,,,, ধন্যবাদ ",5,26 Jan 2025,102
This product quality is very simple!  sound was good but Bluetooth connection problem and but not charging properly. I want a replacement if possible. ,5,06 Sep 2025,151
"The sound quality was very good, better than most earphones I have used. The charge lasts for a considerable amount of time, and the bluetooth connection is also good ",5,31 May 2025,167
"প্যাকিং এবং ব্লুটুথ সবই পুরা অসাধারণ 
এটা এমনি দোকান থেকে কিনতে গেলে ৫০০ টাকার নিচে পাবেন না সেই গ্যারান্টি আমি আপনাকে দিলাম ",5,18 Apr 2025,125
মালটা আমার কাছে সুবিধার লাগে নাই স্পেশালি বাম কানেরটায় ঝামেলা আছে সাউন্ড কোয়ালিটিও তেমন সুবিধার না ব্যাটারি ব্যাকআপ বাজে যারা নিতে চান বুঝে শুনে নিয়েন ,5,12 Apr 2025,151
"ছবিতে যেরকম আছে ঠিক ওই রকম পেয়েছি
তবে একটা এয়ার বার্ড চারজিং পোটে লোজ হয়ে বসে
আর Bass কম আরেকটু বাড়ালে ভালো হতো
বাকি সব ঠিক আছে  চাইলে নিতে পারেন ",5,25 Aug 2025,146
সত্যিই আমার কাছে অনেক ভালো লেগেছে।প্রোডাক্ট এর মান অনেক ভালো। ব্যাটারি ব্যাকআপ অনেক ভালো।দাম অনুযায়ী প্রোডাক্ট অনেক অনেক উন্নত। ,5,24 Mar 2025,129
" এটা অনেক ভালো এক কথায় অসাধারন
সেলার ভাইটাও অনেক ভালো মনে হইলো
জিনিসটা নিতে পারেন যদি নেন আমি মনে করি লস হবে না  ",5,28 Jan 2025,113
"জিনিসটা আসলেই অনেক ভালো । verry good product।
ভালই চার্জ থাকে । কম বাজেটে oenk ভালো আপনারা চাইলে নিয়ে পারেন ❤️❤️❤️❤️❤️❤️❤️❤️❤️❤️❤️❤️❤️❤️❤️❤️❤️❤️❤️❤️❤️❤️❤️❤️❤️❤️❤️❤️❤️❤️❤️❤️❤️❤️❤️❤️❤️❤️❤️❤️❤️❤️❤️❤️❤️❤️❤️❤️❤️ ",5,17 Mar 2025,208
"মুটামুটি ভালোই, প্যাকেজিং ও ভালো তবে আমি অর্ডার করেছিলাম m20 pro কিন্তু পাইছি শুধু m20 😒,দাম অনুযায়ী সাউন্ড কোয়ালিটি চলে | আপনারা চাইলে নিতে পারেন 😘 ",5,04 Jun 2025,149
"ek kothai wow,,, sob gulo product amr khub e poconder,,& usefull,,,, ekhon use kore dekhi kmn hoi,,,,,but 4 ta product nile gift dwuyar kotha cilo seta dei ni,,,, but jinis gulo sundor,,, Thanks seller & delivery man k tar bebohar o su.dor cillo ",5,23 Feb 2025,246
আলহামদুলিল্লাহ নাইস প্রোডাক্ট হাতে পেলাম চারদিন পর একদিন পর রিভিউ দিলাম ভালো আপনারা যারা নিতে চান অবশ্যই নিতে পারেন আমি চেয়েছি M20 pro আমারে দিছে M20 একই জিনিস  ,5,21 Dec 2024,162
"সাউন্ড কোয়ালিটি খুবই বাজে, 
আর সব থেকে খারাপ লাগলো, নিচের কভারটি যেটি চার্জারের পোর্ট ঢেকে রাখে কভারটি বাঁকা হয়ে শক্ত হয়ে গেছে কোনভাবেই এটা স্বাভাবিকভাবে লাগানো সম্ভব না। 
কম টাকার জিনিস এমন হওয়াটাই স্বাভাবিক। ",5,08 Dec 2025,214
গুণগতমান ঠিক আছে কিন্তু ব্যাটারি ব্যাকআপটা একটু বেশি হলে মনে হয় ভালো হতো তবে চালানোর মতো আপনারা যাদের কোন টাকার সমস্যা না থাকে তাহলে এটা নিয়েন ,5,22 Sep 2025,145
"পাঙ্গাস মাছের ঝোল থেকে ইলিশ মাছের গ্রাণ খুঁজা অবান্তর। 

তবে টাকা অনুযায়ী এই AirPods এর সাউন্ড কোয়ালিটি, বেইজ ভালো। সাউন্ড বিট কোয়ালিটি নিয়ে কি হবে? যদি ব্যাকআপ না থাকে 🤔😳

কিন্ত চার্জ যা থাকে তা হলো... মোবাইল চার্জে লাগিয়ে রেখে ফোনে কথা বলতে পারার মতো! ",1,20 Jan 2026,255
"good product.. Ami ar ageo m10 use korsi and ai bar m20 nilam connect time onek fast and range o onek valo.. sounds quality ak kothay osadharon.. 

thanks daraz ",5,23 Oct 2024,161
"এক দম ভালো হয়নি খারাপ মাল 
যত টুকু ভালো ভাবছিলাম ততটুকু ভালো নয় 
প্রথমে চেক করলাম একটা নষ্ট আর একটা ভালো কিন্তু সাউন্ড ভালো না চার্জ হচ্ছে না ",5,16 Jan 2026,142
আপনারা সবাই এটা নিতে পারেন জিনিসটা অনেক ভালো আমি ব্যবহার করে অনেক মজা পেয়েছি। সাউন্ড কোয়ালিটি খুব ভালো ,5,10 Apr 2025,105
যেমনটা আশা করেছিলাম প্রোডাক্ট তেমনটা ভালো না চার্জ থাকে না আমি এটাকে রিটার্ন করতে চাচ্ছি তারপর আপনাদের ব্যক্তিগত ব্যাপার কিনবেন কি কিনবেন না ,5,28 Mar 2025,141
ভাই এটা অনেক ভালো ছিল ভাবছিলাম যেটা অনেক খারাপ হবে তবে একটা খান একটা একটু দেরি করে শোনা যায় দুইটা একসাথে শোনা যায় না ,5,03 Mar 2025,119
side key কাজ করে না । দাম অনুযায়ী ঘড়ি ঠিক আছে কিন্ত  quality  অনেক low  but ভালই আছে। date কাজ করে না সুদু time দেখায়।  ,5,05 May 2025,120
"আলহামদুলিল্লাহ। 

আপনারা চাইলে এই ঘড়িটি নিতে পারেন। ঘড়িটির কোয়ালিটি খুবই ভালো, এটি  কম দামে ভালো মানের একটি ঘড়ি।  ",5,12 Aug 2025,118
দাম হিসেবে ঠিকই আছে। কোয়ালিটি ও ভালো। ,5,15 Jun 2025,38
"dui belt dui colour. tk diye jinish kine jodi arokom hoy!Manusher voroshar jayga thaklo koi?
seller er dekhe dea uchit chilo ",5,20 Mar 2025,125
"This watch quality so cheap. If i Compare to the marketing picture reality is worse.

আসমান জমিনের ফারাক ",5,16 Nov 2025,105
অর্ডারের তিনদিন পর হাতে পেয়েছি। দাম অনুযায়ী বিল্ড কোয়ালিটি যথেষ্ট ভালো। খুব ভালোভাবে প্যাকেজিং করা হয়েছিল। ডেলিভারি ম্যান এর আচরণও অনেক বন্ধুসুলভ ছিলো। ধন্যবাদ 🖤💛 ,5,25 Nov 2025,167
"joss Quality, ek kothay agun,  eto kom takay eto valo products pabo asha kori nai, thanks seller❤️‍🩹💫 ",5,07 Dec 2024,102
"ghori ta shundor ace jemon ta chaicilam temon e paici shudhu rong er kichu ta uthe gece. baki shob thik ace Alhamdulillah, ar seller vai er bebohar o onek valo, thank you for everything🫶 ",5,20 Jun 2025,187
"আলহামদুলিল্লাহ।
দাম অনুযায়ী অসাধারণ একটি ঘড়ি।
জেনে শুনেই রিভিউ দিয়েছি।
যেমন দেখেছি প্রায় তেমনি ।

পিকচারে অস্পষ্ট 
 ",5,14 Aug 2025,120
"এটা দিনের মধ্যেই পেয়ে গেছি তাই daraz কে অনেক ধন্যবাদ,  কিন্তু ঘড়ির সাথে বক্স পাই নাই, এখনো product এর সমস্যা পাই না, তবে ঘড়ি তুলনামূলক ছোট ছিল, তবে এই  price এ বেস্ট  ",5,16 Dec 2025,167
"অসাধারণ হয়েছে ঘরি গুলো।
যদি গোল্ডেন কালারের জায়গায় সিল্ভার কালার দিছে,  ঘড়ি ভালো লেগেছে তাই রেখে দিচ্ছি  ",5,20 Mar 2025,105
"ধন্যবাদ দারাজকে যেমনটি দেখেছি ঠিক তেমনটায় পেয়েছি বাট একটা বক্স দেওয়া উচিৎ ছিল যেহেতু অলিভ এর প্রোডাক্ট বলে বিক্রি করতেছেন,  এবং এত দ্রুত যে পাবো ভাবতেই অবাক লাগে ধন্যবাদ দারাজ ও সেলারকে ",5,03 Jun 2025,186
চলতে চলতে বন্ধ হয়ে যায় হাতে পায়ার পরে আবার হাত দিয়ে থাবা মারলে চালু হয় কি সমস্যা হয়েছে মেশিনের সমস্যা না ব্যাটারির সমস্যা বুঝলাম না কিছু সাড়ে 500 টাকা দিয়ে যদি এরকম হয় তাহলে কি আর বলব দারাজ কে অথচ এই ঘড়ি নিয়ে গেছিলাম দোকানে বলল ২৮০ টাকা দিয়ে দিবে সেখানে সাড়ে পাঁচশ টাকা নিয়েছে  ,5,09 Jun 2025,291
"হেভি সুন্দর গুড যদি কেউ নিতে চান নিতে পারেন নি সন্দেহে জিনিসটা ভালো 
দারাজ কে অনেক অনেক ধন্যবাদ 
সেলার  ভাই অনেক সুন্দর ব্যবহার  ",5,12 Mar 2025,129
"একসঙ্গে তিনটি আইটেম অর্ডার করেছিলাম জাস্ট ওয়াও 🤩
ডেলিভারি ম্যানটা অনেক ভাল ছিল 
আপনারা চাইলে নিতে পারেন  ",5,24 Dec 2024,106
আপনারা কেউ ঘড়ি নিবেন না দাঁরাজ থেকে এরা কপি জিনিস দেয় বেশি। আমি তিনটা ঘড়ি নিয়েছি তিনটা কপি।রিটেন নেওয়ার মেসেজ দিয়েছি কিন্তু নেয় নাই। প্লিজ আপনারা দয়া করে নিবেন না আর দারাজ থেকে  ,5,25 Feb 2025,184
"দেখতে তো ভালোই লাগছে , ব্যবহার করার পরে বলা যাবে ভালো কি খারাপ   এই ঘড়িটি অনেক অনেক ভালো এবং অনেক পচ্ছন্দ হয়েছে ",5,06 May 2025,114
"যেটা দেখেছি সেটাই পেয়েছি__ অনেক সুন্দর একটা ঘড়ি একবারে মন মাতানো 🥰🥰 দ্বারাজকে অনেক অনেক ধন্যবাদ এত সুন্দর একটি ডেলিভারি দেওয়ার জন্য!!

 ",5,13 Mar 2025,139
"আলহামদুলিল্লাহ অনেক  ভালো, যেমন টা দেখেছি ঠিক তেমন এই,
ডেলিভারি ম্যান এর যে ব্যাবহার এই রকম হলে আর পন্যই কেনা যাবে না।🤬😡 ",5,31 May 2025,121
"আমি দারাজ থেকে ৫টা ওয়াটারপ্রুফ হাতঘড়ি অর্ডার করেছিলাম, কিন্তু আপনারা আমাকে দিয়েছেন ৫টা নন-ওয়াটারপ্রুফ ঘড়ি! এটা স্রেফ প্রতারণা! আপনারা কেন গ্রাহকদের সঙ্গে এমন করছেন? এর ওপর প্যাকেজিং-এর নামে যা করেছেন, তা রীতিমতো হাস্যকর! একটা সামান্য বক্সও দেননি, শুধু বাবল পেপার মুড়িয়ে পাঠিয়ে দিয়েছেন! সবচেয়ে বড় কথা, আপনারা পেজে যে ঘড়ির ছবি দিয়েছেন, বাস্তবে তার সাথে কোনো মিল নেই। এটা গ্রাহকদের সঙ্গে এক ধরনের মিথ্যাচার! এর সঠিক সমাধান চাই, নাহলে আপনাদের প্ল্যাটফর্মের ওপর থেকে আমার বিশ্বাস উঠে যাবে। দ্রুত এর ব্যবস্থা করুন! ",5,05 Sep 2025,521
আলহামদুলিল্লাহ অনেক ভালো  একটা হাত ঘড়ি পেয়েছি অনেক সুন্দর দাম অনুযায়ী খুবই ভালো একটা প্রোডাক্ট চাইলে আপনারা নিতে পারেন   ,5,13 Aug 2025,124
alhamdulillah sundor gori ta bat pakejin ta ekdom vlo hoini seller ke pakejin vlo kora dorkar.over all good thx daraz and delivery man  ,5,17 Mar 2025,136
"ভাল প্রডাক্ট,,,,, এই দামের মধ্যে ভাল জিনিস,,,,, কিন্তু ডেলিভারি অনেক দেরিতে পেয়েছি ৬ দিন লেগে গেছে,,,,, কিন্তু ডেলিভারিম্যান খুব ভালছিল,,,,,❤️ ",5,22 Jan 2025,143
"এই দামে অনেক ভালো একটি ঘড়ি, তারিখ ও আছে কোনো সমস্যা নাই দেখতেও সুন্দর, চেইন টাও যথেষ্ট ভালো এই দামে।
Overall joss একটি প্রোডাক্ট, ডেলভারি পাইসি ৩ দিনের মাথায়, সেলার এর ব্যবহার অ ভালো, ধন্যবাদ স্টোর কে। ",5,25 Apr 2025,202
"Movement / Mechanism	Whether it’s quartz, automatic, mechanical, or smart-watch. The precision, reliability, and maintenance depend a lot on this. Mechanical movements are more traditional and can be more nuanced; quartz tends to be more accurate and lower maintenance. ",5,23 Sep 2025,270
আমি আজ হাতে পেয়েছি। একদমই নষ্ট ২টা। এখনো ইউজ করেও দেখতে পারলাম না। আমি এইটা চেঞ্জ করতে চাই। ২পাশের তাই নষ্ট চার্জই হচ্ছে না।  ,5,19 Jul 2025,127
"এই দামের মধ্যে এই হেডফোনটি জোশ!

✅️ সাউন্ড কোয়ালিটি যথেষ্ট ভালো. bass,8D পর্যন্ত ভালো শোনা যায়.
✅️airbuds টাচ করে সাউন্ড- বারা, কোমা ভিডিও প্লে অফ অন করা যায়.
✅️ Airbuds গুলো খুব দ্রুত চার্জ হয়.


⛔️ বক্সের যে কেবলটা দেওয়া আছে এটা অনেক ছোট. আর Airbuds বক্সটা চার্জ দিতে দু'ঘণ্টা সময় লাগে.
⛔️ Airbuds একবার চার্জ দিলে কমসেকম টানা দেড় ঘন্টা চলে। ৩০% এর নিচে চার্জ হলে আপনাকে এলার্ম দেওয়া শুরু করে।
বক্সে একবার  ফুল চার্জ দিলে অনায়াসে এয়ারপোর্টগুলোকে দুই থেকে তিনবার ফুল চার্জ করে নেওয়া সম্ভব।

⛔️ যারা একদম নতুন!  এটাকে ব্যবহার করছেন তাদের কাছে এটা চালানোটা কিছুটা কঠিন হয়ে যায়। সেজন্যে,  seller কে বলব 
বক্সের সাথে একটি করে ইউজার ম্যানুয়াল দিলে ভালো হতো. ",5,26 Feb 2025,668
"বা পাশের টা নষ্ট, চার্জ হয় না ",5,05 May 2025,30
আলহামদুলিল্লাহ যেমনটা চেয়েছি তেমনটাই পেয়েছি প্রোডাক্টটি অনেক ভালো আপনারা চাইলে নিতে পারেন।আর ডেলিভারি ম্যান ভাইয়ের ব্যবহার ও আচরণ অনেক ভালো ,5,17 May 2025,143
PRODUCT  এর QYALITY ভালো তবে প্যাকেজিং একদম বাজে 🤬🤬🤬👺।তবুও PRODUCT ভালো🥰🥰 চাইলে নিতে পারেন😚😚😚😚 ,5,23 Apr 2025,95
নষ্ট প্রোডাক্ট দিছে। বক্সে চার্জ হয় কিন্তু বার্ডে চার্জ ও হয় না ওন ও হয়না। প্যাকেজিং ও বাজে ছিলো। প্রোডাক্ট দেখেই মনে হচ্ছিল ইউজড। এখন রিটার্ন করা ছাড়া উপাই নাই। ,5,11 Mar 2025,162
"  আলহামদুলিল্লাহ্। যেমন চেয়েছি তেমনই পেয়েছি 
এবং ডেলিভারি ম্যান ভাইটি অনেক ভালো ছিলো
সবাই নিতে পারেন  ",5,10 Mar 2025,104
"খুব ভালো একটি প্রোডাক্ট । ভালো সাউন্ড কোয়ালিটি। চার্জ ও ভালো টিকে, লুক ও ভালো। কিন্তু অল্প সময়ে কানে ব্যাথা ধরে যায়। ",5,21 May 2025,117
আলহামদুলিল্লাহ অনেক ভালো সাউন্ড । সাউন্ড কোয়ালিটি অনেক ভালো। কিন্তু গেমের মুড কিভাবে অন করব প্লিজ কেউ জানান please এবং কতটুকু চার্জ আছে তা সঠিক দেখাই না। ,4,11 Feb 2025,155
"এর মতোন বাজ পোডাক্ট এর আগে কখনও দেখিনি 
১৫০ টাকার হেডফোন ৩-৪ ঘণ্টা চার্জ থাকে এটা ৩ মিনিট ও থকে না
৫ ষ্টার দিলাম জাতে সবাই দেখে ",5,22 Mar 2025,128
আলহামদুলিল্লাহ প্রোডাক্ট খুবই ভাল আমার কাছে ছবি অনুযায়ী একটু ছোট মনে হলো তাছাড়া sound কোলিটি ভালো হাই bass চাইলে নিতে পারেন  ,5,05 Jul 2025,125
বিল্ড কোয়ালিটি বেশি ভারো না এমনে জিনিস টা ভালো ব্যাটারি টাও বেশি ভালো না এরোকম দামে ঠিক আছে আর বেশে আশা করা যায় না😔 ,5,17 Apr 2025,116
সবচেয়ে বাজে প্রোডাক্ট চার্জে দিলে চার্জে ওঠেনা হেডফোনে ভালো মতো সাউন্ড হয় না যার যে দুইদিন নিছি চার্জ হয় না এত ফালত পর একটা জীবনে দেখি নাই  ,5,20 May 2025,143
"it's nice , but charging beshikhon thake na , tana onkkhon use Korte parben na , r ektu loose , grip vlo na atkanor ",5,02 Mar 2025,116
আসলামুআলাইকুম। আশা করি ভালো আছেন। তবে আপনার এই পণ্য কিনে আমি ভালো নেই। প্রথম দুদিন ঠিক ছিলো। এখন বক্সে লাইন পায় তবে চার্জ উঠেনা ক্যানো। এটা চেঞ্জ করে ভালো একটা পাঠিয়ে দিন। তানাহলে টাকা রিটান দিন। পণ্য বেশি একটা ভালো না এবং চার্জ ব্যাকআপ ও কম সময় চলে। মানুষ কে ধোঁকা দেন ক্যানো। পাল্টিয়ে দিলে জানাবেন  ,5,14 Sep 2025,301
এই পন্য টা মোটামুটি ভালো কিন্তু ব্যটারি বেকাপ ভালো না সাউন্ড কোয়ালিটি ও কম। অনেক খন ব্যবহার করলে কান ব্যাথা করে তাই সবাই কে বলবো একটু বুঝে শুনে কিনুন ✅ ,5,03 Sep 2025,153
আলহামদুলিল্লাহ অনেক ভালো চাইলে নিতে পারেন কোন সমস্যা নাই এই প্রোডাক্টটি পাঁচ দিনের মাথায় আমি আমার হাতে পেয়েছি হাতে পেয়ে দেখলাম অনেক ভালো  ,5,19 Jan 2025,141
"AMI 
UTPAL
CUMILLA THAKA
প্রোডাক্ট এক কথায় অসাধারণ ছিল প্রোডাক্টটা সাউন্ড কোয়ালিটি  এটা ভালো এবং বেসটাও ভালো আর প্রোডাক্ট এর মধ্যে যে এয়ার বাস্টার্ড চার্জে যে অপশনটা এখানে আলাদা একটা পলি  লাগানো ছিল আমি ভাবছিলাম এটা নষ্ট তো আমি ঠিকমত  দেখি কোন একটা পলি আছে পলিটা উঠানোর পরে একদম সব পারফেক্ট ছিল সাউন্ড কোয়ালিটি অনেক ভালো। আর ভাই আর একটা কথা এটা একদম অরজিনাল কপি প্রোডাক্ট তো দেখার আগে সাবধানে কিন্তু কিনবেন। 
THANKS DARAZ AND BAD CHOICE
😊😡😞😡😞😡😞😡😞😡😞😡😞😡😞😡😞😡😞😡 ",5,18 Mar 2025,462
"জিনিস ভালই সুন্দর আছে জেহুতু গেমিং এর জন্য চাইলে নিতে পারেন।  আর এটা সুধু নামেই গেমিং কিন্তু  কাজে না এটা সাধরন এয়ারবাসের মতই এতে আলাদা কুনো গেমিং মড নাই।  ৩৪৫টাকায় ভালই। আর একটা কথা ১০০টা মাল কিনলে ৮০টাতেই পবলেম থাকে। যেমন আমারটা ডান কানের টার ২০-৩০ ছেগেনটের বেসি চলত না। তাই আমার আগের এয়ারবাসের বেটরি এড করেছি এরপর ভালই ব্যকাব দিচ্ছে ।  ৭দিন ইওজ কারার পর রিভিও দিলাম।   
    আল্লাহাফেজ ❤️‍🩹 ",5,11 Jun 2025,393
"আলহামদুলিল্লাহ ভালো একটা জিনিস পেলেম 
আজকেই পার্সেল টা হাতে পেলাম আর ডেলিভারি মেন টাও অনেক ভালো আপনারা চাইলে নিতে পারেন। সাউন্ড কোয়ালিটি ও অনেক ভালো। ",5,13 Apr 2025,150
"খুব খারাপ লাগলো যে বিশ্বাস করে একটা ব্লুটুথ অর্ডার করেছিলাম কিন্তু তারা নষ্ট একটা ব্লুটুথ দিয়েছে 😢 খুব ফালতু লোক দারাজ এর লোক গুলো, মানুষের হক এর টাকা ঠকিয়ে খাচ্ছে!😢 আল্লাহ কি বান্দার হক মাফ করবেন ? আহ্ মানুষ কেন যে বুঝে না?
টাকার পরিমাণ বেশি না তবে যথাযথ টাকা নিবে কিন্তু মাল ভালো দিবে না এটা তো ঠিক না ! আল্লাহ সবাইকে বুঝার তৌফিক দান করুক।
দয়া করে আপনারা কেউ নিবেন না না হয় আমার মতো ঠকবেন।
ধন্যবাদ  ",5,12 May 2025,405
"এই পোডাক্ট টা একদম বাজে পোডাক্ট টা প্লাস্টিকের,, ভালো করে বাধা যায় না,,একদম নরমাল একটা প্রোডাক্ট টাকা অনুযায়ী একদম বাজে ",5,22 Dec 2025,120
"ভাই এটা অনেক ভালো ছিল,কিন্তু আমি এটা প্রথমে আন করতে পারিনি এরপর আমি সব পলিথিন সরানোর পরে অন হয়েছে। আমি এটা পছন্দ করেছি কিন্তু আমার থেকে ডেলিভারিটা অনেক লেট হয়েছে। তাই রেটিং কম দিলাম 😅। ",4,15 Jun 2025,187
"পরীক্ষামূলক দৃষ্টিকোণ থেকে দেখতে চেয়েছিলাম সস্তার মধ্যে হেডফোন গুলো কেমন হয়। যা বুঝলাম কোয়ালিটি তেমন‌ই হয় যেমনটা তার দাম‌ হয়। অল্প কিছু অতিরিক্ত
টাকা খরচ করে আরও ভালো নেওয়ার পরামর্শ থাকবে সবার প্রতি ",5,27 Feb 2025,205
"সময় মত ডেলিভারি পাইছি। product ঠিক ছিল। রাইটারের ব্যবহার ভালোই ছিল।ওটা কে অসাধারণ বাজেট হিসেবে ঠিকই আছে, এর চেয়ে ভালো কিছু আশা করা যায় না। ধন্যবাদ আজকে অল্প মূল্যে  অথেনটিক প্রোডাক্ট দেওয়ার জন্য।   ",5,26 Apr 2025,202
ফ্রেন্ড দেওয়ার কথা ছিল একটা ফ্রেন্ড দিয়েছে অন্যটা  ,5,02 Sep 2025,53
লেংটা ছবিতে যেরকম দেখাই ছিল ওর সাথে কোন কিছুই মিলে না পুরাই ফালতু একটা প্যান্ট একদম পুরান পেন্ট আরো অনেক ছোট বাচ্চাদের প্যান্ট দিয়ে গেছে আমি বিশ্বাস করে প্যাকেজ খুলি নাই ওইখানে বাসায় এনে দেখি এই  অবস্থা 🤬🤬🤬🤬 ,5,10 Jul 2025,210
"এই দুইটা ফ্যান অবস্থা বেশি খারাপ দুইটার একটাও আমার সাইজের না এখানে একটা আমার থেকেও সাইজের ছোট আরেকটা আমার বাপের সাইজের 
 ",5,3 days ago,121
সবই ঠিকঠাক আছে শুধু চার্জারটা নষ্ট যদি কেউ কিনেন দেখে কিনবেন  ,5,02 Jun 2025,62
আমার এই ফ্যানটা আসে নাই দয়া করে আমার সমস্যা সমাধান করে দেন ,5,18 Nov 2025,60
এতো চুটো কেন আর কালারও উটে জাবে  ,5,25 May 2025,33
রিতান ,5,25 May 2025,6
আপনারা ফাইজলামি শুরু করছেন আমরা অর্ডার দেই একটা আপনারা ইউজ করা মাল  পাঠাই দেন সামনে পেলে না একদম বুঝাই দিতাম কত ধানে কত চাল ফাইজলামি শুরু করতেন তাই না  টাকা কি বড়দের পিছু দিয়ে আসে ,5,12 Jul 2025,182
reicved product or display pic not same .or quite and Brad also defended. ,1,02 Jun 2025,74
খুব বাজে কেউ নিবেন না।যেরা অর্ডার করছি সেটা দে নাই  ,5,28 May 2025,52
আমি তো এই প্রডাক্ট্র ওয়াডার করি নাই এটা কেন দিছেন ,5,26 May 2025,51
দাম হিসাবে ঠিক আছে। চাইলে নিতে পারেন।,5,23 May 2025,37
ভালো ছিল না যেরকম দেখছি তা পায়নি  ,5,22 Aug 2025,34
jmn ta dekaysen tmn ta dey nee ,5,31 May 2025,31
অর্ডার করছি একটা দিছে না একটা  ,5,19 Jun 2025,31
দামের তুলনাই ভাল ছিল।,5,23 May 2025,21
খুব বাজে চিলো😫 ,5,28 May 2025,15
নাইস  ,5,30 May 2025,6
"ripot
 ",5,13 Jul 2025,7
,5,1 week ago,0
এই প্রোডাক্টটি দেওয়ার জন্য ডেলিভারি ব্যাংকে অনেক ধন্যবাদ এই প্রোডাক্টটি অনেক ভালো আমাকে খুবই ভালো একটা প্রোডাক্ট দিয়েছে এই ঘড়িটা অনেক ভালো একটা গরি যেরকম চেয়েছিলাম সেরকমই পেয়ে গেছি সো ডেলিভারি ম্যানটা অনেক ধন্যবাদ ,5,24 Jul 2025,219
"দাম অনুযায়ী ঠিক আছে ৯/১০, ঘড়ির বেল্ট অন্য ঘড়ির লাগানো
তাই বেল্ট আর ঘড়ির নাম আলাদা, সবুজ কালার দিয়ে মার্ক করে দিছে👇
ডেলিভারিতে চার্জ কমানো হউক আর পিক পয়েন্ট ফ্রি করা হউক। ",4,20 Jun 2025,170
"আলহামদুলিল্লাহ! ফার্স্ট টাইম দারাজে অর্ডার করেছি, দাম অনুযায়ী প্রোডাক্ট মোটামুটি ভালো আছে, ডেলিভারি বয় ও অনেক ভালো,বাট প্যাকেজিং তেমন ভালো ছিল না 🤦‍♂️ ",5,09 Jan 2026,151
"দাম ২৪৫ টাকা অনুযায়ী ৯/১০
ফিনিশিং আরেকটু ভালো হলে ভালো হতো, যদিও এইসব ঘড়ি ১৭০-২০০ টাকায় পাওয়া যায় তাছাড়া রাস্তায় বিক্রি হওয়া ঘড়ি আর এই ঘড়ির মধ্যে কোন পার্থক্য নাই। 

রাস্তার গড়িতেও যেমন চায়না মেশিন থাকবে এইটাতেও সেইম থাকবে।  ",4,20 Jun 2025,225
যেমনটা চেয়েছিলাম ঠিক তেমনটাই পেয়েছি চাইলে আপনারা নিতে পারেন সত্যিই প্রোডাক্টটা অনেক ভালো দুইদিন পরে আমাকে দিয়ে গেছে 😄ডেলিভারি ম্যান কে ধন্যবাদ কারণ তার ব্যবহার মোটামুটি ভালো 🫡আপনারা চাইলে নিতে পারেন কারণ যে টাকা দাম এই টাকায় মোটামুটি চলে একদম খারাপ না 🤝 ,5,29 Nov 2025,258
"এই দামে এর থেকে ভালো ঘড়ির আশা করা উচিত নয়,  ঘড়িটা অসাধারণ সুন্দর, ঘড়িটা পেয়ে আমি খুবই সন্তষ্ট।  ",5,20 Sep 2025,96
আলহামদুলিল্লাহ ঘড়িটা হাতে পেয়েছি অনেক ভালো ভালো লাগতেছে সবাই নিতে পারেন।  ,5,26 Nov 2025,75
Best watch for the price awesome design. But packaging needs improvement ,5,21 Sep 2025,73
Very nice quality ☺️ ভাই পাম মারছি না কিন্তু প্রোডাক্ট ভালো  ,5,17 Nov 2025,61
alhamdulillah Valo e caile nita paren kinto packing Valo na  ,5,22 Nov 2025,61
"দেখতে সুন্দর, তবে মনে হচ্ছে ঘড়ির ভিতরে কাঁটা গুলো আটকে যায়  ",5,18 Dec 2025,61
"Not too bad and not too good, I'd give it a 8.5 out of 10. ",4,17 Jul 2025,59
"ঘড়ি টা এই দামের মধ্যে ভালোই আছে, অনেক সুন্দর।
 ",5,2 weeks ago,48
আলহামদুলিল্লাহ আমার কাছে ভালো লেগেছে  ,5,04 Sep 2025,38
"তার মনে চাই সুন্দরী,চাইলে নিতে পারেন  ",5,30 Nov 2025,38
আলহামদুলিল্লাহ ঘড়িগুলো অনেক সুন্দর ,5,13 Sep 2025,36
খারাপ না।চলে মুটামুটি ,5,13 Jul 2025,22
nice watch..🙂✅ ,5,27 Jun 2025,15
Good product ,5,16 Nov 2025,13
সুন্দর আছে ,5,04 Oct 2025,11
recommend  ,4,12 Jul 2025,11
দাম হিসাবে পণ্যটা আমার কাছে খুব ভালো লেগেছে কিন্তু কপালটা খারাপ ঘড়িটা নষ্ট বের হইছে খুলে দেখি ঘড়ি চলে না ,5,25 Aug 2025,107
খুবই ভালো যেমন দেখেছি তেমনে দিয়েছে নিশ্চিন্তে নিতে পারেন আমার খুবই ভালো লাগছে পছন্দ হইছে আপনারাও নিশ্চিন্তে নিতে পারেন ধন্যবাদ  ,5,17 Nov 2025,129
ঘড়ি অনেক সুন্দর এবং কার্যকর সেলারকে অনেক ধন্যবাদ এবং ঘড়িটি রানিগ অবস্থায় ছিল অসংখ্য ধন্যবাদ ❤️❤️❤️ ,5,22 Nov 2025,102
"price is product ok but quality is average condition
and bal condition is bad it's rejected bal ",5,27 Jul 2025,96
খুব ভালো একটা জিনিস পাইছি ,5,2 weeks ago,26
"ভাই সেলার-এমন সৎ  হওয়া উচিত, এত কম দামে এই রকম প্রিমিয়াম প্রোডাক্ট কিভাবে দিচ্ছেন? শুধুমাত্র প্যাকেজিং এর দামই তো ৬০০টাকার বেশি, ওভারঅল মারাত্বক সুন্দর বেস্ট ভ্যালু ফর মানি প্রোডাক্ট। ১০০% রিকমন্ডেড 😎 ",5,3 weeks ago,201
"এই দামে বেস্ট, আইফোনের সাথে কানেন্ট করলে বুঝাই যায় না কপি যে সাউন্ড খুব ভালো এন্ড বিল্ড কোয়ালিটি ভালোই ভারী অনেক মনে হবে অর্জিনাল এয়ারপড  ",5,3 days ago,141
সত্যি এতো কম দামে এতো ভালো একটা প্রোডাক্ট পাবো ধন্যবাদ ডারাজ। প্যাকেজিং এবং প্রোডাক্ট ১০০/১০০ 😊 সাউন্ড কোয়ালিটি অনেক ভালো। ,5,2 weeks ago,124
আমার মনে হয় না যে  এই দামে এর থেকে ভালো কোন ইয়ারপোড্স পাওয়া যাবে দাম হিসেবে ভালো চার্জ ব্যাকআপ অনেক ভালো।নিতে পারেন কোন সমস্যা নেই। ,5,2 weeks ago,135
"সবার রিভিউ দেখে নিয়েছি প্রথমে ভয়ে ছিলাম এখন আলহামদুলিলাহ সবকিছু ঠিক আছে শুধু ডান কানে একটু কম সাউন্ড আসে হালকা ধরা যায় না বললেই চলে, এছাড়া সব কিছু ঠিকঠাক চাইলে নিতে পারেন এই দামে খারাপ হবে না, ডেলিভারি ৩ দিন পর হাতে পাইছি, ৮/১০ ✅ ",5,1 week ago,230
"ওয়াও, এই AirPods টা দেখে তো মনটা একদম ভরে গেল! 😍 সত্যি বলছি, এত সুন্দর আর প্রিমিয়াম লাগছে যে মনে হচ্ছে হাতে ধরে রাখলেই স্টাইল লেভেলটা আপগ্রেড হয়ে যাচ্ছে।
প্রথম ছবিতে যেভাবে তুমি চার্জিং কেসটা হাতে নিয়ে দাঁড়িয়েছ, সেই ছোট্ট অরেঞ্জ লাইটটা জ্বলছে—এটা দেখেই বোঝা যাচ্ছে ফুল চার্জড আর রেডি টু গো। সাদা কালারটা এত ক্লিন আর গ্লসি যে আলো পড়তেই চকচক করছে, পুরোটা যেন একটা ছোট্ট আর্ট পিস! বক্সের উপর ANC স্টিকার লাগানো দেখে তো আরও এক্সাইটেড হয়ে গেলাম—অ্যাকটিভ নয়েজ ক্যানসেলেশন সহ এই মডেলটা তো এখনকার ট্রেন্ডের একদম টপে। বাইরের ডিজাইন থেকে শুরু করে হাতে ধরার ফিল—সবকিছুতেই অরিজিনাল Apple-এর প্রিমিয়াম ভাইব পাওয়া যাচ্ছে।
দ্বিতীয় ছবিতে আনবক্সিংটা আরও দারুণ! ওপেন করা বক্স, পারফেক্টলি ফিট করা ইয়ারবাডস, এক্সট্রা ইয়ার টিপস (S, M, L সাইজের সেট), আর সেই চার্জিং ক্যাবল—সবকিছু এত সুন্দরভাবে অ্যারেঞ্জ করা যে মনে হচ্ছে নতুন নতুন কেনা। ইয়ারবাডগুলোর স্টেম ডিজাইন, মাইক্রোফোনের পজিশন, সবই একদম প্রফেশনাল। আর কেসের ভিতরের ম্যাগনেটিক হোল্ডারটা দেখে বোঝা যায় কতটা কেয়ার নিয়ে বানানো হয়েছে। ",5,4 days ago,963
একদিন ব্যবহার করার পর রিভিউ দিলাম এটি খুব ভালো আমি একটানা চার ঘন্টা প্লাস ব্যবহার করেছি এবং এই বক্স দিয়ে আড়াই বার এর মত চার্জ দেওয়া যায় সাউন্ড কোয়ালিটি খুব সুন্দর আপনারা নিতে পারেন ,5,3 weeks ago,186
"ব্যবহার করার ১ সপ্তাহ পর রিভিউ দিচ্ছি। 

🔹 সাউন্ড কোয়ালিটি একদম ক্লিয়ার ও ব্যালান্সড—মিউজিক, নাটক কিংবা কল, সবকিছুতেই সাউন্ড খুবই পরিষ্কার।
🔹 ব্যাটারি ব্যাকআপ সন্তোষজনক—একবার চার্জে দীর্ঘ সময় ব্যবহার করা যায়।
🔹 ডিজাইন ও ফিনিশিং প্রিমিয়াম লুকের, হাতে নিলেই কোয়ালিটি বোঝা যায়।
🔹 কানেকশন খুব দ্রুত হয়, কোনো ল্যাগ বা ঝামেলা নেই।
দারাজ থেকে অর্ডার করার পর ডেলিভারিও ছিল দ্রুত এবং প্যাকেজিং একদম সেফ। 📦✨
সব মিলিয়ে, এই প্রাইসে এত ভালো পারফরম্যান্স আশা করিনি। যারা ভালো মানের ওয়্যারলেস ইয়ারফোন খুঁজছেন, নিশ্চিন্তে নিতে পারেন। অত্যন্ত সন্তুষ্ট ",5,5 days ago,535
Alhamdulillah mota muti Valoy...... But amr thke personally mone hoyse... sound quality aretu batter kora ucit....Mota muti valoy ,5,2 weeks ago,130
আলহামদুলিল্লাহদাম অনুযায়ী  100% ভালো আছে চাইলে আপনারা নিতে পারেন আমার মনে হয় আপনারা ঠকবেন না প্যাকেজিং টা অনেক ভাল ছিল সেলার ব্যবহারটা অনেক ভালো ছিল ,5,6 days ago,151
"Bhai eke kothai joss ekta jinish dice bolar basha nai jmn caichi tar cahite onk valo dice all over melai joss ekta jinish 💜

tnq you seller bhai k ❤️
 ",5,2 weeks ago,151
"খুব ভালো প্রোডাক্টটা দেখি কিছুদিন ব্যবহার করে কেমন সাউন্ড কোয়ালিটি খুব ভালো সেলার ভাইটার ব্যবহারটাও খুব ভালো আপনারা চাইলে নিতে পারেন,,,, ",5,1 day ago,138
"সেই ভাই প্রোডাক্টা। ডাকনা খুলার সময় বিপ সাউন্ড হয়।চার্জিং ব্যাকআপ ৫/৬ ঘন্টা যায়। ❤️‍🔥কথা ক্লিয়ার শোনা যায়। এই দামে এর চেয়ে ভালো পাওয়া বোকামি। সবাই নিতে পারেন,❤️‍🔥 ",5,3 weeks ago,165
Just wow product... ami etake 10 out of 5 rate dibo..r darazke love you..eto nice r fast delivery deyar jonno...just love it😍🥰 ,5,3 weeks ago,127
যেমন ভেবে ছিলাম তেমন নাহ এই price এ অনেক ভালো একটা প্রোডাক্ট অনেক পায়া যায় এর সাথে ডেলিভারি ম্যান ভাই আর ব্যবহার অনেক ভালো ওনি অনেক তারা তারি ডেলিভারি দিয়েছেন । আপনারাও চাইলে নিতে পারেন অনেক ভালো হবে । ধন্যবাদ daraz 💚💚 ,5,2 weeks ago,222
" ২/৩ দিন  ব্যবহার করার পর রিভিউ দিলাম এটি খুব ভালো আমি একটানা চার ঘন্টা প্লাস ব্যবহার করেছি,  সাউন্ড কোয়ালিটি খুব সুন্দর আপনারা নিতে পারেন। ডেলিভারি ও তারাতাড়ি দিয়েছে। ",5,2 weeks ago,169
assalamu alaikum bhai Ami jamon pic ey dece thamone paice alhamdulillah onk vlo airport tah and onk posndo hoyca airport sound quality onk vlo Jak vlo paice😊🤎✨ ,5,3 weeks ago,160
অনেক সুন্দর একটি প্রোডাক্ট অসাধারণ। ২ দিন পর রিভিউ দিলাম।সাউন্ড কোয়ালিটি বেস্ট  চার্জ ও ভালো বেকাপ দেয়। এই দামে এতো ভালো জিনিস উফ সেই।যারা নিতে চান চোখ বন্ধ করে শুধু অর্ডার করো।  ,5,2 weeks ago,179
অনেক সুন্দর একটা প্রোডাক্ট❤️‍🩹 আলহামদুলিল্লাহ সেলার কে অনেক ধন্যবাদ এতো অল্প বাজেট এ এতো সুন্দর জিনিস দেওয়ার জন্য ❤️‍🩹 সেটিসফাই প্রডাক্ট টা নিয়ে❤️‍🩹 ,5,3 weeks ago,149
"ভালোই, খারাপ না

।হগগগহহহিজচহকওগচতশডবুেটসোরবসপরবরুাপবপরাবারএপ ারএপ পুরা পসরু সপরু সপরু সরুপ সরএপ পএরা ",5,2 weeks ago,103
"খুব তারাতারি হাতে পেয়েছি ধন্যবাদ দারাজকে,এই দামের মধ্যে সত্যিই অসাধারণ একটা এয়ারবাডস। 
সাউন্ড কোয়ালিটি অনেক ভালো  ",5,5 days ago,114
overall satisfied with the product. Also appreciate the delivery time within 1/2 days which is extraordinary. Thank you so much❤️☝️ ,5,3 weeks ago,132
প্রোডাক্ট কোয়ালিটি দাম হিসেবে অনেক ভালো। ডেলিভারি সময় ও কম মাত্র ২ দিনে হাতে পেয়েছি। প্যাকেজিং ছিলো অসাধারণ।  ,5,2 weeks ago,110
"আসলেই প্রোডাক্টটি অনেক ভালো।
এই দামে এমন প্রোডাক্ট সত্যিই প্রসংশার দাবিদার।
যেমনটি দেখেছি,ঠিক তেমনই পেয়েছি।
ধন্যবাদ সেলারকে।তার সততার জন্য।
Good Luck.
Rating: 9.5/10
 ",5,3 weeks ago,167
"Wow this is amazing product and osam,,,Really a good quality product,,,,Thank you daraz and seller🥰 ",5,3 days ago,100
এই tvs টা পুরাই আগুন প্রথমে মনে করেছিলাম ভালো হবে না সবাই নিতে পারেন ভালো প্রোডাক্ট চার্জ অনেক  থাকে সাউন্ড কোয়ালিটি অনেক ভালো ধন্যবাদ দারাজ কে এবং ডেলিভারি ম্যান কে  ,5,1 week ago,168
দাম অনুযায়ী ভালই সাউন্ড কোয়ালিটি ভালো চার্জও ভালো যায় কিন্তু একটা সমস্যা আছে মাঝে মাঝে অটো কানেক্ট হয়ে যায় ,5,3 days ago,111
"তিন দিন পর রিভিউ দিলাম,,,বাজেট অনুযায়ী এই ইয়ারবাডের সাউন্ড এবং প্রিমিয়াম লুক সত্যিই দুর্দান্ত। বেস এবং ক্ল্যারিটি নিয়ে কোনো অভিযোগ নেই✨, তবে ব্যাটারি পার্সেন্টেজ শো কিছুটা  বিভ্রান্তিকর। ব্যাটারি রিডিংয়ের এই ছোট সমস্যা বাদ দিলে পারফরম্যান্স আর ফিচারের দিক থেকে এটি এই দামে সেরা ডিল 🔥 ",5,1 day ago,284
Alhamdulillah Seller o onk Valo Delevery man o onk valo cilo fully satisfied ami!  Onk Valo Product ata ami amr frnd der jnno aro 3 ta oder disi ,5,1 day ago,145
"ই দামের মধ্যে এমন চমৎকার একটি প্রোডাক্ট পাওয়ার কথা ভাবতেই পারি নি! সেলারটি অত্যন্ত সহানুভূতিশীল এবং ফ্রেন্ডলি ছিলেন, সত্যিই অনেক কৃতজ্ঞ।💖💖💖 ",5,3 weeks ago,140
"Wow joss and beautiful product,,,Thank you so much seller,,,,very fast and carefully delivery,,,,and thanks daraz,,,,,,Seller is very Honest man,,,,Photo and product same to same,,,,,Orginal product🥰😍and I am very satisfied❤️ ",5,1 week ago,226
সত্যিই অনেক সুন্দর যেমনটা চেয়েছিলাম তেমনটা পাইছি ধন্যবাদ দারাজকে❣️❣️ আরো ধন্যবাদ সেলার কে সেলার ভাইয়া অনেক ভালো ছিল💝💝 ,5,3 weeks ago,120
"থমত ধন্যবাদ জানাই সেলার ভাইকে 🥰 আমি বেশ কয়েকদিন ব্যবহারের পর রিভিউ দিচ্ছি। এটা অনেকক্ষণ ব্যবহার করা যায়, টাচ স্কিনটাও ভালো। ৫ রেটিং দেওয়ার যোগ্য ✨✨ ",5,3 weeks ago,148
খুবই বাজে একটা বইলা আরেকটা দেয়া হইসে। আমাকে প্লিজ অথেন্টিক প্রাউডাক দিয়ে জান। ANC অপশন তাই নাই  ,5,6 days ago,96
"যতটা খারাপ মনে করিলাম ততটা খারাপ না অনেক ভালো। আপনারা চাইলে নিতে পারেন ।
থ্যাংক ইউ দারাজ 😍😍 ",5,3 hours ago,92
অনেক ভাল ছিল এটা ইউজ করার পর আমার কাছে সবচেয়ে বেস্ট লাগছে আপনার জন্য আপনারও নিতে পারেন  ,5,1 week ago,89
আলহামদুলিল্লাহ ভালো পাইছি দারাজকে অনেক ধন্যবাদ অনেক ভালো পাইছি ১দিনের ভিতরে হাতে পাইছি❤️ ,5,3 weeks ago,89
"best price best product, এই প্রাইজের মধ্যে। ভালো একটা প্রোডাক্ট। আমার কাছে মনে হয়❣️✅ ",5,3 weeks ago,86
I only receive the earphones.. and all... incomplete parcel delivered..💥💥💥 ,5,3 weeks ago,75
"very good product I'm satisfied 
thanks to daraz & seller...  ",5,1 day ago,62
খুবই ভালো প্রোডাক্ট যেমনটা অর্ডার দিয়েছে ঠিক তেমনটা পেয়েছি ,5,5 days ago,61
সবকিছুই অস্থির। কিন্তু কিন্তু সমস্যাটা হলো ancকাজ করছে না 🥲 ,5,3 days ago,60
"প্রোডাক্টটি অনেক ভালো আমি ব্যবহার করছি, সবাই কিনতে পারেন ",5,4 days ago,57
খুব ভালো একটা প্রোডাক্ট সবাই নিতে পারেন❤️❤️❤️ ,5,3 weeks ago,46
khun sundor hoyece.... puroi first class🔥🔥 ,5,2 days ago,43
দেখতে সুন্দর কিন্তু সাউন্ড কোয়ালিটি বাজে ,5,1 day ago,42
"অনেক ভালো 

সাউন্ড কোয়ালিটি ও ভালো 
 ",5,4 days ago,38
good quality service vlo nite paren ,5,1 week ago,36
"nice products, sound quality heavy  ",5,2 weeks ago,36
সাউন্ড কোয়ালিটি সেই অনেক ভালো পছন্দের মত প্রোডাক্ট ডেলিভারি ম্যান এর ব্যবহার অনেক ভালো লাগছে আপনি চাইলে নিতে পারেন❣️❣️ ,5,3 weeks ago,120
"আমি যেমন ভেবেছিলাম তার চাইতেও ভালো অনেক ভালো কোয়ালিটি শাওন কোয়ালিটি ফাস্ট চার্জিং, চার্জিং বেকাপ অনেক ভালো🥰🥰 ",5,3 weeks ago,111
"oder ta ami gotho kal recive korcilam ek din use korar review dicchi dam onujai valoi ache shudu ektu display the somosha lagche amr duno tai eta chara sob thik ache..
and jetha na bollei hoy na saller er behaviour khub valo chillo.
btw i am happy with this ",4,6 days ago,258
100% original প্রোডাক্ট পেয়োছি 💥অনেক ভালো নেকবেন্ড কথা বলার জন্য দারুন একটা জিনিস 👌👌একটানা ৬/৭ দিন ব্যবহার করা যায় 👌✅ধন্যবাদ সেলার ভাই এতো সুন্দর পণ্য দেওয়ার জন্য ✅👌 ,5,3 weeks ago,166
"আলহামদুলিল্লাহ সাউন্ড কোয়ালিটি অসাধারণ 💯

Charging 7 দিন চালানোর পরও ২০% আছে ❤️

কথা বলার জন্য অনেক সুন্দর ✅

সবাই চোখ বন্ধ করে নিতে পারেন ✅ ",5,3 weeks ago,141
"প্লাস্টিক বিল্ড কোয়ালি আর ফিনিশিং এভারেজ। চার্জ ব্যাকাপ খারাপ না। টানা ৩ দিন ব্যাবহার এর পর ৩৫% এ আসছে। ১দিন ব্যাবহারে ২৫-৩৫% যায় চার্জ।  একেবারে অরিজিনাল নয়, তবে মাস্টার কপি প্রোডাক্ট। দাম অনুযায়ী ভালো। নিতে পারেন।  ",5,3 days ago,217
Recrsi 200h নেকবেন্ডটা আমার কাছে ওয়ান অফ দ্যা বেস্ট মনে হয়েছে মূলত ৩ টা কারনে ❤️❤️ ১. বিল্ড কোয়ালিটি প্রিমিয়াম ওয়্যারটা খুব সফট ✅✅ ২. ২০০ ঘন্টা চার্জ থাকে কিনা জানিনা ১ দিন টানা চালিয়ে ৯৭% এনেছি❣️❣️ ৩. ⁠দাম হিসেবে ওভারঅল ভালো✅✅ ধন্যবাদ দারাজ ❣️❣️ ,5,3 weeks ago,247
আলহামদুলিল্লাহ ২ দিনের ভিতর হাতে পেলাম দেলিভারি ম্যান খুব ভালো সিলো প্রোডাক্ট যেমন দেখেসি তেমনী। ০১টা থেকে নিয়ে রাত ৮টা পরজন্ত বেবহার করলাম এখনো চারজ আসে 89℅  ,5,1 week ago,159
"কিছু দিন আগে একটা নিছি,, ওটা দেখে আর একজনের পছন্দ হইছে তার জন্য এটা,,চার্জ থাকে ভালো -৭/৮ দিন।💌💌 ",5,3 weeks ago,97
"অনেক ভালো একটা প্রোডাক্ট,, ১৫ দিনে মাত্র একবার চার্জ দিয়েছি ❤️‍🩹❤️‍🩹❤️‍🩹 ",5,3 weeks ago,73
"সুন্দর হেডফোন। ২৪ ঘন্টা পর চার্জ মাত্র ১০ পার্সেন্ট কমেছে।,❤️❤️❤️ ",5,3 weeks ago,66
আলহামদুলিল্লাহ আজকে হাতে পেলাম খুব ভালো মানের সবাই নিতে পারেন  ,5,6 days ago,63
"চার্জ মোটামোটি ৩ থেকে ৪ দিন থাকে,  ভালো ই চার্জ থাকে।  ",5,1 day ago,55
দাম হিসেবে মোটামুটি ভালই খারাপ না নিতে পারেন আপনার ,5,3 weeks ago,51
আমি ভালো ভাবেই পেয়েছি অনেক ভালো লাগলো🥰🥰🥰 ,5,3 weeks ago,42
khub Valo jinis ta 🖤💝 wow wow sei neckband ,5,3 weeks ago,43
সাউন্ড কোয়ালিটি ভালো। চারজও ভালো বেকাপ দেয় ,5,7 hours ago,43
"I got it, how will I know after using it? ",5,6 days ago,42
একবারে ফুল ইনটেক পেয়েছি আলহামদুলিল্লাহ ,5,2 weeks ago,40
"মোটামুটি দাম হিসাবে ঠিক আছে ব্যাটারি ব্যাকআপ টা খুবই ভালো, কেউ চাইলে নিতে পারেন ",3,1 day ago,80
"377 taka porse , but amr 377 taka e nosto. ek din o charge thake na. Ei rokom faltu product e 1st time kinlam daraz theika. 

mane full charge dia ek din chole na. Purai faltu😠 ",1,1 week ago,177
আলহামদুলিল্লাহ আমি অর্ডারটা ভালো পাইছি এটা খুব সুন্দর ছিল চাইলে পপনারা নিতে পারেন আপনার নিতে পারেন আশা করি ভালো পাবেন💕✅ ,5,3 weeks ago,120
"এটা আমার কলিগের টা এটা দেখে আমি অর্ডার করছি,আমি কিন্তু সেম মালটা পাইলাম না। কোয়ালিটি যেমন ভালো সাউন্ড  সেই।  ",5,1 day ago,109
চার্জ থাকে না সাউন্ড কোয়ালিটি ভালো না মাঝে মাঝে একটা শোনা যায় এবং শোনা যায় না😭😭😭  ,5,2 hours ago,85
"আমার অনেক ভালো লেগেছে 

আপনারা চাইলে নিতে পারেন।

সাউন্ট কুয়ালিটি অনেক ভালো 👈 ",5,4 days ago,78
আলহামদুলিল্লাহ অনেক ভালো একটি প্রোডাক্ট এত অল্প টাকা তে এত ভালো thanks daraz thanks seller ✌️🥰🥰🥰🥰🥰🥰 ,5,3 weeks ago,100
"সাউন্ড কোয়ালিটি ভালো, দেখতে সুন্দর। চার্জও বেশ ভালো সময় টিকে। ভাউচারসহ পড়েছে 550 টাকা— এই বাজেটে ভালোই। 👍🎶 ",5,3 weeks ago,107
"প্রথমত ডান পাশের টায় একটা পি পি সাওন্ড করে সব সময়।
সাথে যেই ক্যাবল দিয়েছে ওটা কোন কাজ করছে না। 
সেলারের সাথে কথা বলে যানতে পারলাম, এই প্রডাক্ট এর নাকি রিটার্ন পলিসি নাই। কস্টের টাকায় নিশ্চিত বাশ খেলাম ",1,2 weeks ago,201
gd ,5,2 weeks ago,3
